Date,Open,High,Low,Close,Volume,Dividends,Stock Splits
2015-01-02 00:00:00-05:00,0.48309919238090515,0.48669906248703454,0.4754195076331586,0.48309919238090515,113680000,0.0,0.0
2015-01-05 00:00:00-05:00,0.483099182858812,0.48453913087288175,0.4727796317153028,0.4749395251274109,197952000,0.0,0.0
2015-01-06 00:00:00-05:00,0.47565930021040603,0.4761392731447024,0.4600599938873741,0.46053996682167053,197764000,0.0,0.0
2015-01-07 00:00:00-05:00,0.4639000024498432,0.467979845641791,0.4579002667075632,0.4593402147293091,321808000,0.0,0.0
2015-01-08 00:00:00-05:00,0.46461989348940763,0.4794992583603189,0.46437989265897683,0.4766193628311157,283780000,0.0,0.0
2015-01-09 00:00:00-05:00,0.47829925624557706,0.48213909743552436,0.47181952066141747,0.47853922843933105,209540000,0.0,0.0
2015-01-12 00:00:00-05:00,0.4797391651235464,0.4799791659212302,0.4682196704054906,0.472539484500885,190732000,0.0,0.0
2015-01-13 00:00:00-05:00,0.47613942440254625,0.48573900057396246,0.468459769187212,0.47181960940361023,236720000,0.0,0.0
2015-01-14 00:00:00-05:00,0.4667797358152625,0.4751793629270885,0.46557978908500164,0.4737394154071808,155260000,0.0,0.0
2015-01-15 00:00:00-05:00,0.47709938929765694,0.4799792563676006,0.47013967955221725,0.47037968039512634,188932000,0.0,0.0
2015-01-16 00:00:00-05:00,0.4696596517971261,0.47949922746697576,0.46821970412529795,0.47901925444602966,181512000,0.0,0.0
2015-01-20 00:00:00-05:00,0.4823791053851313,0.48501897136603267,0.47445945022444647,0.48045921325683594,140308000,0.0,0.0
2015-01-21 00:00:00-05:00,0.4778194345790857,0.48837898689125825,0.4744595653215319,0.4871790111064911,144780000,0.0,0.0
2015-01-22 00:00:00-05:00,0.4881388757572064,0.49701853486888276,0.483099115627324,0.4955785870552063,159712000,0.0,0.0
2015-01-23 00:00:00-05:00,0.49605863172460574,0.49797858160335706,0.4919788169070047,0.49701863527297974,120416000,0.0,0.0
2015-01-26 00:00:00-05:00,0.4948585629463196,0.4972584566529893,0.4917386954058511,0.4948585629463196,133240000,0.0,0.0
2015-01-27 00:00:00-05:00,0.48717886697106627,0.4876588685865601,0.47013961067272475,0.4710995852947235,357948000,0.0,0.0
2015-01-28 00:00:00-05:00,0.47685942241473445,0.47877934346775686,0.46318000279257165,0.46342000365257263,272728000,0.0,0.0
2015-01-29 00:00:00-05:00,0.4636600315848349,0.47733942339671726,0.4615001095456976,0.47469955682754517,235340000,0.0,0.0
2015-01-30 00:00:00-05:00,0.4713395740883353,0.4768593353799531,0.4600600792978928,0.4607800245285034,298200000,0.0,0.0
2015-02-02 00:00:00-05:00,0.4636599355732553,0.4727795377624166,0.454540333384094,0.4708596169948578,259604000,0.0,0.0
2015-02-03 00:00:00-05:00,0.47421953663634053,0.48309916810356685,0.47181964242552166,0.48261916637420654,183468000,0.0,0.0
2015-02-04 00:00:00-05:00,0.48117931997762103,0.48933894960296836,0.4797393432657975,0.4838191866874695,181516000,0.0,0.0
2015-02-05 00:00:00-05:00,0.4842988787053798,0.491978559770546,0.48381893440003615,0.49173858761787415,140448000,0.0,0.0
2015-02-06 00:00:00-05:00,0.49125891275004735,0.4970187059877963,0.48741906966421633,0.4895789921283722,210524000,0.0,0.0
2015-02-09 00:00:00-05:00,0.4866988048397992,0.4905385879629847,0.483578938138738,0.4890986979007721,273944000,0.0,0.0
2015-02-10 00:00:00-05:00,0.4895786716495392,0.503018085043488,0.4874187505992705,0.5027781128883362,226204000,0.0,0.0
2015-02-11 00:00:00-05:00,0.5039781960126729,0.5039781960126729,0.4960585401180791,0.4994184374809265,320832000,0.0,0.0
2015-02-12 00:00:00-05:00,0.5279772500603944,0.5399767213126322,0.5248573818130133,0.5351769328117371,676904000,0.0,0.0
2015-02-13 00:00:00-05:00,0.5339769531283852,0.5361368751032116,0.5258173241808082,0.5354169011116028,310084000,0.0,0.0
2015-02-17 00:00:00-05:00,0.5344571099771493,0.5397369017086325,0.5310972685198456,0.5370969772338867,203340000,0.0,0.0
2015-02-18 00:00:00-05:00,0.5363766679787192,0.5373366711251348,0.5298969614392633,0.5308569073677063,170948000,0.0,0.0
2015-02-19 00:00:00-05:00,0.5375766848220102,0.5385366308245936,0.5298970023653876,0.532296895980835,169432000,0.0,0.0
2015-02-20 00:00:00-05:00,0.531816842463044,0.5363765993441765,0.527977002022644,0.5361366271972656,157752000,0.0,0.0
2015-02-23 00:00:00-05:00,0.5358970731748445,0.5358970731748445,0.5291773328566911,0.5318172574043274,125008000,0.0,0.0
2015-02-24 00:00:00-05:00,0.5338647736586639,0.5374784469604492,0.5290465042974158,0.5374784469604492,149356000,0.002125,0.0
2015-02-25 00:00:00-05:00,0.5353101174452919,0.5377193091543471,0.5309736987332343,0.5333828330039978,123820000,0.0,0.0
2015-02-26 00:00:00-05:00,0.5338648415512426,0.5379603652853087,0.5304920066187981,0.5348284840583801,152864000,0.0,0.0
2015-02-27 00:00:00-05:00,0.5333828609621463,0.5345874568798147,0.5295282344392197,0.5314555764198303,157492000,0.0,0.0
2015-03-02 00:00:00-05:00,0.5300101379476179,0.5473559303375789,0.5292873918115111,0.5444649457931519,301512000,0.0,0.0
2015-03-03 00:00:00-05:00,0.540369446088093,0.543019477076573,0.5326601919274017,0.5343465805053711,160344000,0.0,0.0
2015-03-04 00:00:00-05:00,0.5324193005693041,0.5415739897106042,0.5302510620470342,0.54036945104599,226840000,0.0,0.0
2015-03-05 00:00:00-05:00,0.5403695699927268,0.5516925001487125,0.5389240773263635,0.5507288575172424,323056000,0.0,0.0
2015-03-06 00:00:00-05:00,0.5475969349729571,0.5502469663710841,0.5427786647372834,0.5432605147361755,257392000,0.0,0.0
2015-03-09 00:00:00-04:00,0.5435015075276124,0.5488016287033362,0.5422969110356343,0.5447060465812683,222388000,0.0,0.0
2015-03-10 00:00:00-04:00,0.5471150185126862,0.5577152576941425,0.5461513760702733,0.5541015267372131,527212000,0.0,0.0
2015-03-11 00:00:00-04:00,0.5541013896590852,0.5613287923466652,0.5497649710218534,0.5512104630470276,262120000,0.0,0.0
2015-03-12 00:00:00-04:00,0.5459104437726614,0.5500059669612165,0.5357920551996833,0.546151340007782,406972000,0.0,0.0
2015-03-13 00:00:00-04:00,0.543501388000493,0.5483196580321246,0.5360330292446472,0.5468741655349731,359288000,0.0,0.0
2015-03-16 00:00:00-04:00,0.5512106391272313,0.5567516553682422,0.547596907909916,0.5533788204193115,236956000,0.0,0.0
2015-03-17 00:00:00-04:00,0.5521745403365701,0.5603655916823022,0.5483199110449503,0.5601246953010559,299900000,0.0,0.0
2015-03-18 00:00:00-04:00,0.5601245285128045,0.5630154565419359,0.5459106123617055,0.5509697794914246,413844000,0.0,0.0
2015-03-19 00:00:00-04:00,0.5528969732452179,0.5613289161885266,0.5488014498958532,0.5594016313552856,310756000,0.0,0.0
2015-03-20 00:00:00-04:00,0.5639788290216226,0.5687970970427269,0.5586787112230936,0.5654242634773254,462084000,0.0,0.0
2015-03-23 00:00:00-04:00,0.5485603410257303,0.5557877432632135,0.5468739529141462,0.5471148490905762,426012000,0.0,0.0
2015-03-24 00:00:00-04:00,0.5454285366230056,0.5492831631719085,0.5372374911055213,0.5396466255187988,330480000,0.0,0.0
2015-03-25 00:00:00-04:00,0.5394057117584701,0.5394057117584701,0.5051959237893916,0.50688236951828,542552000,0.0,0.0
2015-03-26 00:00:00-04:00,0.4965231953457089,0.5073642735180941,0.49290946432937655,0.5051960349082947,311920000,0.0,0.0
2015-03-27 00:00:00-04:00,0.5080870293547018,0.517000822779586,0.49989598214678727,0.5150735378265381,318288000,0.0,0.0
2015-03-30 00:00:00-04:00,0.5174826722488595,0.5198918071570504,0.5107370600429406,0.5172417759895325,253252000,0.0,0.0
2015-03-31 00:00:00-04:00,0.5157959838970705,0.5162777761358196,0.503750316354238,0.5042321085929871,357276000,0.0,0.0
2015-04-01 00:00:00-04:00,0.5061594843864441,0.5078458722136369,0.4974865916763976,0.5061594843864441,330768000,0.0,0.0
2015-04-02 00:00:00-04:00,0.5090506617313237,0.5104961541365838,0.503027853293815,0.5073642730712891,192204000,0.0,0.0
2015-04-06 00:00:00-04:00,0.5051961505175558,0.523746544915964,0.4998960870651412,0.5220601558685303,515864000,0.0,0.0
2015-04-07 00:00:00-04:00,0.5220600021802179,0.532419287163601,0.5191690175566497,0.5266373753547668,413964000,0.0,0.0
2015-04-08 00:00:00-04:00,0.527118993328421,0.532419110904238,0.5220598293503342,0.5304917693138123,366432000,0.0,0.0
2015-04-09 00:00:00-04:00,0.5263964017296032,0.5444649400655971,0.5261555054995353,0.5427785515785217,379432000,0.0,0.0
2015-04-10 00:00:00-04:00,0.5432604126059106,0.5485604744057792,0.5413330704109847,0.5483195781707764,258728000,0.0,0.0
2015-04-13 00:00:00-04:00,0.547115084974065,0.5502469663710841,0.5408513221800267,0.5432605147361755,236724000,0.0,0.0
2015-04-14 00:00:00-04:00,0.5410919520889016,0.5432601896288937,0.5333827013500039,0.5386828184127808,220276000,0.0,0.0
2015-04-15 00:00:00-04:00,0.5401286641207057,0.5492833551148802,0.53747857513324,0.5451878309249878,243560000,0.0,0.0
2015-04-16 00:00:00-04:00,0.5420557598916145,0.5466331325079884,0.5379602371331781,0.5418148636817932,155284000,0.0,0.0
2015-04-17 00:00:00-04:00,0.5304920066187981,0.5401286040050998,0.5302511103515909,0.5348284840583801,293636000,0.0,0.0
2015-04-20 00:00:00-04:00,0.537237627876028,0.5406104054256026,0.5312147615903795,0.5321784615516663,231624000,0.0,0.0
2015-04-21 00:00:00-04:00,0.538682979610957,0.538682979610957,0.5288054883762775,0.5314555764198303,230456000,0.0,0.0
2015-04-22 00:00:00-04:00,0.5345875198066813,0.5382011931084666,0.5263964159419183,0.5374784469604492,207420000,0.0,0.0
2015-04-23 00:00:00-04:00,0.5276008947858779,0.5403693115002948,0.5215780307032486,0.5353100895881653,259380000,0.0,0.0
2015-04-24 00:00:00-04:00,0.5350692292743767,0.5353101254735784,0.5247099460109018,0.5307328104972839,240960000,0.0,0.0
2015-04-27 00:00:00-04:00,0.532419349071382,0.5442241277391658,0.5278419753645928,0.5348284840583801,248456000,0.0,0.0
2015-04-28 00:00:00-04:00,0.5338647736586639,0.5394057891679294,0.5288055506225423,0.5374784469604492,234484000,0.0,0.0
2015-04-29 00:00:00-04:00,0.5336237291995866,0.538923847570583,0.5312145949288232,0.5333828330039978,195156000,0.0,0.0
2015-04-30 00:00:00-04:00,0.530732960324314,0.5374785153125855,0.5295283641116606,0.5348284840583801,218844000,0.0,0.0
2015-05-01 00:00:00-04:00,0.5391648652957399,0.549765104427062,0.5367557304819494,0.548078715801239,256968000,0.0,0.0
2015-05-04 00:00:00-04:00,0.5475970322113581,0.5512107642489703,0.5430196574431567,0.5447060465812683,200720000,0.0,0.0
2015-05-05 00:00:00-04:00,0.5427784820317556,0.5435012280676531,0.5283236761903896,0.5307328104972839,292928000,0.0,0.0
2015-05-06 00:00:00-04:00,0.5336238626386488,0.538683086079176,0.5254328155574416,0.5324193239212036,316484000,0.0,0.0
2015-05-07 00:00:00-04:00,0.5302509840359477,0.5435012520271321,0.5285645956906089,0.5418148636817932,534564000,0.0,0.0
2015-05-08 00:00:00-04:00,0.5061596033632296,0.5261554232921887,0.4936320823442173,0.5018231272697449,1146552000,0.0,0.0
2015-05-11 00:00:00-04:00,0.4948367768807607,0.5020642393170535,0.4909822068324834,0.49700501561164856,544144000,0.0,0.0
2015-05-12 00:00:00-04:00,0.49339118615178734,0.5059186497325087,0.49315023252106643,0.5018231272697449,388800000,0.0,0.0
2015-05-13 00:00:00-04:00,0.5054369967795357,0.5092916241132226,0.49989598075704333,0.5047142505645752,308524000,0.0,0.0
2015-05-14 00:00:00-04:00,0.5061597448831517,0.5155553882743894,0.5049551487076206,0.5129052996635437,293052000,0.0,0.0
2015-05-15 00:00:00-04:00,0.5150734466449489,0.517482581128932,0.5100142814600733,0.513146162033081,215824000,0.0,0.0
2015-05-18 00:00:00-04:00,0.5119416653542623,0.5155553965002068,0.5095325304030687,0.5124235153198242,324972000,0.0,0.0
2015-05-19 00:00:00-04:00,0.5131011780381814,0.5147954304506379,0.5082606052419103,0.5092287659645081,253808000,0.00245,0.0
2015-05-20 00:00:00-04:00,0.5094707772930678,0.5155215221404965,0.5087446856032092,0.5092287659645081,196824000,0.0,0.0
2015-05-21 00:00:00-04:00,0.5094704160601491,0.5116486895852503,0.5051138690099465,0.5055979490280151,239692000,0.0,0.0
2015-05-22 00:00:00-04:00,0.5068084665645727,0.5087446725517374,0.5036620885572964,0.50487220287323,212592000,0.0,0.0
2015-05-26 00:00:00-04:00,0.5024518845097753,0.505840273623419,0.4978533234531591,0.5017257928848267,259732000,0.0,0.0
2015-05-27 00:00:00-04:00,0.5051142646622173,0.5310113829790736,0.5034200698281344,0.5285910964012146,432332000,0.0,0.0
2015-05-28 00:00:00-04:00,0.5285909192990271,0.5375459708663342,0.5276228165330791,0.535851776599884,327656000,0.0,0.0
2015-05-29 00:00:00-04:00,0.5358518526465322,0.5392402416603036,0.5348837497431936,0.5356098413467407,335168000,0.0,0.0
2015-06-01 00:00:00-04:00,0.5389981904387878,0.5469851397820675,0.5356098016759826,0.541660487651825,372660000,0.0,0.0
2015-06-02 00:00:00-04:00,0.5382720209302962,0.5411763867087248,0.5305270839905937,0.531011164188385,224304000,0.0,0.0
2015-06-03 00:00:00-04:00,0.5324633697927519,0.5365778496849447,0.5242343523042039,0.5252025127410889,250788000,0.0,0.0
2015-06-04 00:00:00-04:00,0.5220561153469375,0.5363358176396481,0.5220561153469375,0.5346416234970093,323712000,0.0,0.0
2015-06-05 00:00:00-04:00,0.5329475181587927,0.5411765375905652,0.5273808540009067,0.538756251335144,313320000,0.0,0.0
2015-06-08 00:00:00-04:00,0.5370619089972097,0.5406923085296398,0.5203619211172155,0.5264126062393188,342812000,0.0,0.0
2015-06-09 00:00:00-04:00,0.5268966925403229,0.5329473777324926,0.5259285898340751,0.5290749669075012,256888000,0.0,0.0
2015-06-10 00:00:00-04:00,0.5227822933144667,0.5261706821605203,0.5167315494857969,0.5196359157562256,529460000,0.0,0.0
2015-06-11 00:00:00-04:00,0.5196358498977309,0.5288329124148392,0.5196358498977309,0.5252025127410889,283052000,0.0,0.0
2015-06-12 00:00:00-04:00,0.5218142284915798,0.5249606066270835,0.5097127963181729,0.5109229683876038,323728000,0.0,0.0
2015-06-15 00:00:00-04:00,0.5082604390746783,0.5123749765400913,0.5043880282670248,0.5099546909332275,306548000,0.0,0.0
2015-06-16 00:00:00-04:00,0.5089864760526055,0.5169734234708647,0.5039038941334057,0.5162473320960999,256892000,0.0,0.0
2015-06-17 00:00:00-04:00,0.5160054616576774,0.5252025831112398,0.5147953475056756,0.5222982168197632,233544000,0.0,0.0
2015-06-18 00:00:00-04:00,0.5266546732249022,0.5343995524604449,0.525202490335688,0.531011164188385,299404000,0.0,0.0
2015-06-19 00:00:00-04:00,0.5310112754656395,0.5353677673420567,0.5244765087989277,0.5293170809745789,355656000,0.0,0.0
2015-06-22 00:00:00-04:00,0.530285087132591,0.5331894529898269,0.5191517616187356,0.5271387100219727,514236000,0.0,0.0
2015-06-23 00:00:00-04:00,0.5281069268624655,0.532221407579906,0.5094707291290561,0.5135852098464966,414064000,0.0,0.0
2015-06-24 00:00:00-04:00,0.5128590342826334,0.5155213890260528,0.5060822571993789,0.5085025429725647,253368000,0.0,0.0
2015-06-25 00:00:00-04:00,0.5085025284714789,0.515521374324809,0.5085025284714789,0.512374997138977,350460000,0.0,0.0
2015-06-26 00:00:00-04:00,0.5082605431498436,0.5087446234520044,0.499789570643322,0.5019677877426147,421296000,0.0,0.0
2015-06-29 00:00:00-04:00,0.4961592054342811,0.5012418475929737,0.48623604786951974,0.48696213960647583,391724000,0.0,0.0
2015-06-30 00:00:00-04:00,0.48986622357059106,0.4920444977797153,0.48333145864737503,0.48671984672546387,315916000,0.0,0.0
2015-07-01 00:00:00-04:00,0.49882156166158437,0.5058403522872977,0.4893824267735354,0.49373891949653625,302892000,0.0,0.0
2015-07-02 00:00:00-04:00,0.49349660929770184,0.4973690769864728,0.49107632420523856,0.4942227005958557,145764000,0.0,0.0
2015-07-06 00:00:00-04:00,0.49010834728566693,0.49688512419926484,0.4845416843762845,0.48817208409309387,214776000,0.0,0.0
2015-07-07 00:00:00-04:00,0.4852679322829869,0.4872041383955185,0.46372733633411917,0.4789751470088959,594252000,0.0,0.0
2015-07-08 00:00:00-04:00,0.4763128040097722,0.4792171417552445,0.47171424279836033,0.4755867123603821,332492000,0.0,0.0
2015-07-09 00:00:00-04:00,0.4830895737714554,0.4852678485503298,0.4668736339863721,0.4697779715061188,357588000,0.0,0.0
2015-07-10 00:00:00-04:00,0.47582871386057,0.4823635097182001,0.4746185707539108,0.4780069887638092,216708000,0.0,0.0
2015-07-13 00:00:00-04:00,0.4828475037225098,0.48381560655177974,0.47800693187199184,0.48115330934524536,212472000,0.0,0.0
2015-07-14 00:00:00-04:00,0.4818794142855284,0.482363465713616,0.4751026077360469,0.48139533400535583,249216000,0.0,0.0
2015-07-15 00:00:00-04:00,0.4801852348149609,0.4833316126626925,0.4736504678094184,0.4780069887638092,265732000,0.0,0.0
2015-07-16 00:00:00-04:00,0.4809112552011033,0.4886561930179596,0.47921706087319715,0.4886561930179596,282848000,0.0,0.0
2015-07-17 00:00:00-04:00,0.48696203917437764,0.48744606176306704,0.47945911200797886,0.4857518672943115,220372000,0.0,0.0
2015-07-20 00:00:00-04:00,0.48575173688174694,0.48768799982917876,0.475586543946236,0.4767966866493225,188412000,0.0,0.0
2015-07-21 00:00:00-04:00,0.4758287687978958,0.48575195495902895,0.4758287687978958,0.4789751470088959,149720000,0.0,0.0
2015-07-22 00:00:00-04:00,0.4755866753976979,0.4755866753976979,0.4639692964666255,0.4697779715061188,356472000,0.0,0.0
2015-07-23 00:00:00-04:00,0.4707461398338989,0.48260553098294745,0.4697780080173494,0.4755867123603821,169916000,0.0,0.0
2015-07-24 00:00:00-04:00,0.4789750182085967,0.47945906960656426,0.4680837319199537,0.47001996636390686,188844000,0.0,0.0
2015-07-27 00:00:00-04:00,0.4659054227575632,0.4726822283821808,0.4620329830092681,0.4673576056957245,192420000,0.0,0.0
2015-07-28 00:00:00-04:00,0.4685677988454153,0.4806692284560382,0.4637272270011661,0.4775228798389435,198308000,0.0,0.0
2015-07-29 00:00:00-04:00,0.4765547840284382,0.4872040601985926,0.4746185493745841,0.4833315908908844,232680000,0.0,0.0
2015-07-30 00:00:00-04:00,0.48212134017091673,0.4893822257143829,0.48212134017091673,0.484541654586792,190180000,0.0,0.0
2015-07-31 00:00:00-04:00,0.48647791069032464,0.4867199219606954,0.47994314475699046,0.4828474819660187,218340000,0.0,0.0
2015-08-03 00:00:00-04:00,0.4867198612683228,0.4915604322971274,0.4804271362421243,0.49107640981674194,397132000,0.0,0.0
2015-08-04 00:00:00-04:00,0.48938232606883925,0.4944649094838143,0.4874460625982502,0.4930127263069153,260100000,0.0,0.0
2015-08-05 00:00:00-04:00,0.5051140920583336,0.5055981722901625,0.4971271433102222,0.49809530377388,234628000,0.0,0.0
2015-08-06 00:00:00-04:00,0.4968850991763803,0.5005155564145248,0.4867198766137359,0.4949488937854767,655676000,0.0,0.0
2015-08-07 00:00:00-04:00,0.5435968135156335,0.5656214007101635,0.5295591188784541,0.556182324886322,1405248000,0.0,0.0
2015-08-10 00:00:00-04:00,0.552309780129357,0.5796590163385341,0.5489213337346726,0.575544536113739,662304000,0.0,0.0
2015-08-11 00:00:00-04:00,0.5670735171912669,0.5782068439842701,0.5670735171912669,0.5726401805877686,435008000,0.0,0.0
2015-08-12 00:00:00-04:00,0.5634431411727086,0.578206868629487,0.5634431411727086,0.5740923881530762,384048000,0.0,0.0
2015-08-13 00:00:00-04:00,0.5748186797307614,0.5760288520176797,0.5677998304975305,0.5692520141601562,276884000,0.0,0.0
2015-08-14 00:00:00-04:00,0.5687677241120018,0.5731242734944781,0.5653793352839664,0.5697358846664429,214652000,0.0,0.0
2015-08-17 00:00:00-04:00,0.5687677226151012,0.5687677226151012,0.5590865787295254,0.5661054253578186,273880000,0.0,0.0
2015-08-18 00:00:00-04:00,0.5643554874933261,0.5682442497651768,0.5565779629496246,0.5609528422355652,287084000,0.00245,0.0
2015-08-19 00:00:00-04:00,0.560223943536008,0.5665431777800819,0.5526894451925438,0.5587656497955322,249248000,0.0,0.0
2015-08-20 00:00:00-04:00,0.5524462474045342,0.5551197464836912,0.5359190199544698,0.5385925769805908,426932000,0.0,0.0
2015-08-21 00:00:00-04:00,0.5347037667984822,0.5436964974016075,0.5213361566931065,0.5218222737312317,382664000,0.0,0.0
2015-08-24 00:00:00-04:00,0.4926566226142656,0.5305720161338421,0.4860943607964815,0.5033507347106934,682284000,0.0,0.0
2015-08-25 00:00:00-04:00,0.5254679322633675,0.5274123424080781,0.49289965629577637,0.49289965629577637,622684000,0.0,0.0
2015-08-26 00:00:00-04:00,0.5089406699853259,0.5305718594060123,0.5050519083668845,0.5300857424736023,614976000,0.0,0.0
2015-08-27 00:00:00-04:00,0.5356759027825069,0.5502587174698746,0.5325162871388818,0.5500156879425049,463764000,0.0,0.0
2015-08-28 00:00:00-04:00,0.5500157766406455,0.5558488918668774,0.5461270138408363,0.5524462461471558,320944000,0.0,0.0
2015-08-31 00:00:00-04:00,0.5497728529809263,0.553661616529857,0.5441827662443962,0.5463701486587524,219352000,0.0,0.0
2015-09-01 00:00:00-04:00,0.5305719037553612,0.5395646331545323,0.5201208813840108,0.5240095853805542,353408000,0.0,0.0
2015-09-02 00:00:00-04:00,0.5383494437009794,0.5400507664200815,0.5293567130655996,0.5398077368736267,344044000,0.0,0.0
2015-09-03 00:00:00-04:00,0.5478283456980034,0.5505019027619488,0.5402939074881682,0.5412660837173462,262556000,0.0,0.0
2015-09-04 00:00:00-04:00,0.5320301599449822,0.54053683065646,0.5283844853164583,0.5286275148391724,287972000,0.0,0.0
2015-09-08 00:00:00-04:00,0.5415091478433809,0.5534184667649369,0.5393217656748877,0.5512310266494751,238448000,0.0,0.0
2015-09-09 00:00:00-04:00,0.5529322753559198,0.5575501261215514,0.5390785492181611,0.54029381275177,289392000,0.0,0.0
2015-09-10 00:00:00-04:00,0.5371341222624949,0.5556056965922634,0.534703653480866,0.5488003492355347,357076000,0.0,0.0
2015-09-11 00:00:00-04:00,0.5427244751064527,0.5541476782441699,0.540537034735302,0.5505020022392273,301584000,0.0,0.0
2015-09-14 00:00:00-04:00,0.5531752379605972,0.5548765603442595,0.5485573298066865,0.5514739155769348,192460000,0.0,0.0
2015-09-15 00:00:00-04:00,0.5517170179110135,0.5604667184299125,0.5500156953027492,0.5575501322746277,327976000,0.0,0.0
2015-09-16 00:00:00-04:00,0.5565780387036721,0.5645985938725925,0.5524462463358895,0.5614389777183533,173508000,0.0,0.0
2015-09-17 00:00:00-04:00,0.5711606541120225,0.576264678838449,0.5653275409430502,0.5665428042411804,268712000,0.0,0.0
2015-09-18 00:00:00-04:00,0.5587654983971923,0.5709178463634909,0.5553628525560218,0.5660569071769714,326412000,0.0,0.0
2015-09-21 00:00:00-04:00,0.5667857326362072,0.5731049615867906,0.56386914759842,0.5718896985054016,281840000,0.0,0.0
2015-09-22 00:00:00-04:00,0.5594945283839244,0.5633832905115085,0.5534183266945205,0.556334912776947,228356000,0.0,0.0
2015-09-23 00:00:00-04:00,0.5568209799200855,0.5624110646946922,0.5546335982734234,0.5590084195137024,161632000,0.0,0.0
2015-09-24 00:00:00-04:00,0.55560575098374,0.575535620122926,0.5468560509239279,0.5697025060653687,382440000,0.0,0.0
2015-09-25 00:00:00-04:00,0.5767510078316497,0.5850146514658732,0.568244392549763,0.5738344788551331,369692000,0.0,0.0
2015-09-28 00:00:00-04:00,0.5738343509327961,0.5774800258274705,0.5626541808144017,0.5662998557090759,395584000,0.0,0.0
2015-09-29 00:00:00-04:00,0.5723760956068726,0.5772370344188534,0.5643555407724082,0.5762648582458496,380736000,0.0,0.0
2015-09-30 00:00:00-04:00,0.5816118560843008,0.5998404055999969,0.5782092105058129,0.5991112589836121,556380000,0.0,0.0
2015-10-01 00:00:00-04:00,0.5991111289015726,0.6008124513214168,0.5704315613740296,0.5874449014663696,489296000,0.0,0.0
2015-10-02 00:00:00-04:00,0.5842853406902712,0.602756917476654,0.5782091389546254,0.602756917476654,386144000,0.0,0.0
2015-10-05 00:00:00-04:00,0.6066457544986874,0.6253603631210006,0.6034861384777429,0.6178259253501892,482024000,0.0,0.0
2015-10-06 00:00:00-04:00,0.6112635717225025,0.6285198845144979,0.6088331026836178,0.6258463859558105,453216000,0.0,0.0
2015-10-07 00:00:00-04:00,0.6273045924289015,0.6387277895410802,0.6170966006950453,0.6324085593223572,310152000,0.0,0.0
2015-10-08 00:00:00-04:00,0.6297352833896067,0.637755838736902,0.6190411709619027,0.636054515838623,460068000,0.0,0.0
2015-10-09 00:00:00-04:00,0.6326516640746698,0.6387278655299978,0.6217145825808115,0.6336238980293274,423248000,0.0,0.0
2015-10-12 00:00:00-04:00,0.6343529381458217,0.6440748713215253,0.6297350879750255,0.6404291391372681,227588000,0.0,0.0
2015-10-13 00:00:00-04:00,0.6353253056319,0.6455332420006024,0.6331378658613384,0.6416445374488831,298444000,0.0,0.0
2015-10-14 00:00:00-04:00,0.6423736446157505,0.6754280978342061,0.6416445559514986,0.6649770736694336,612148000,0.0,0.0
2015-10-15 00:00:00-04:00,0.6661921924475919,0.6802889478287085,0.6593869022270208,0.6666783094406128,526048000,0.0,0.0
2015-10-16 00:00:00-04:00,0.6688656272924275,0.6834484390663508,0.6671642470998879,0.6771292090415955,448396000,0.0,0.0
2015-10-19 00:00:00-04:00,0.6793168719166252,0.6824764879695845,0.6681367009518403,0.6759141683578491,294712000,0.0,0.0
2015-10-20 00:00:00-04:00,0.6729974858676223,0.6781014531178493,0.6678934606704464,0.6749418377876282,264824000,0.0,0.0
2015-10-21 00:00:00-04:00,0.6790736047151876,0.683205453804125,0.6649769089335106,0.6661921143531799,386280000,0.0,0.0
2015-10-22 00:00:00-04:00,0.6739698332087399,0.6924414129336558,0.6729976570015261,0.6902539730072021,306884000,0.0,0.0
2015-10-23 00:00:00-04:00,0.6963300763327129,0.6994896920154556,0.6858790532160148,0.6948717832565308,381776000,0.0,0.0
2015-10-26 00:00:00-04:00,0.695357873587578,0.6970591961288691,0.6853929099139323,0.6917121410369873,247436000,0.0,0.0
2015-10-27 00:00:00-04:00,0.6883095978957035,0.6956010061298172,0.6878234808346445,0.6912261843681335,208268000,0.0,0.0
2015-10-28 00:00:00-04:00,0.6956010614119349,0.6968163251876831,0.685393065894122,0.6968163251876831,217036000,0.0,0.0
2015-10-29 00:00:00-04:00,0.6856362595927054,0.6926845819744452,0.6715394989352754,0.67275470495224,327168000,0.0,0.0
2015-10-30 00:00:00-04:00,0.6800460976773436,0.6943858863638137,0.6749420707187033,0.6895248889923096,301160000,0.0,0.0
2015-11-02 00:00:00-05:00,0.6917122346743082,0.6982744962067539,0.6875804425222855,0.6975453495979309,190088000,0.0,0.0
2015-11-03 00:00:00-05:00,0.6934134392778393,0.6973022012132046,0.6849068268694943,0.6926842927932739,376768000,0.0,0.0
2015-11-04 00:00:00-05:00,0.6907401502675309,0.6958441192603276,0.678101684631689,0.6812613010406494,442264000,0.0,0.0
2015-11-05 00:00:00-05:00,0.6846639614266058,0.6866083719982797,0.6715394363424284,0.6734837889671326,478800000,0.0,0.0
2015-11-06 00:00:00-05:00,0.7400786514282119,0.7762926626174197,0.7247666885212841,0.7668138146400452,1172272000,0.0,0.0
2015-11-09 00:00:00-05:00,0.7592795499997038,0.7655987834249627,0.752717229017876,0.7634113430976868,492568000,0.0,0.0
2015-11-10 00:00:00-05:00,0.753446262726482,0.7575781131513861,0.7327873003367885,0.7488284111022949,552260000,0.0,0.0
2015-11-11 00:00:00-05:00,0.7493144424813771,0.7546614985207232,0.7388634179137668,0.7415369749069214,619896000,0.0,0.0
2015-11-12 00:00:00-05:00,0.7398356444397286,0.7466409942206009,0.7357038518338623,0.738863468170166,291080000,0.0,0.0
2015-11-13 00:00:00-05:00,0.7395926809298411,0.742752297548406,0.7206349812184519,0.7242807149887085,292940000,0.0,0.0
2015-11-16 00:00:00-05:00,0.7337594992947372,0.739349585278431,0.7279263257834274,0.738863468170166,344280000,0.0,0.0
2015-11-17 00:00:00-05:00,0.7408078786562584,0.7451827008427735,0.7357038518338623,0.738863468170166,257048000,0.0,0.0
2015-11-18 00:00:00-05:00,0.7419129761396123,0.7580150556436145,0.7338619654711107,0.7570391297340393,350216000,0.002875,0.0
2015-11-19 00:00:00-05:00,0.7597228085736906,0.7667978930517343,0.753623533632484,0.7592348456382751,254072000,0.0,0.0
2015-11-20 00:00:00-05:00,0.7648461256879215,0.770213485085249,0.7602106815796384,0.7658219933509827,239744000,0.0,0.0
2015-11-23 00:00:00-05:00,0.772165233891026,0.772165233891026,0.7516717799410124,0.7543554306030273,242552000,0.0,0.0
2015-11-24 00:00:00-05:00,0.7543553803074177,0.7670418338038099,0.7509398145713094,0.7604546546936035,195428000,0.0,0.0
2015-11-25 00:00:00-05:00,0.7589906048430985,0.7680174794656596,0.756794859718592,0.7594785094261169,138300000,0.0,0.0
2015-11-27 00:00:00-05:00,0.7609425968686828,0.7682616915921325,0.7570390680494442,0.7658219933509827,86996000,0.0,0.0
2015-11-30 00:00:00-05:00,0.7665538771123075,0.7772885954654525,0.7658219618533662,0.773872971534729,327244000,0.0,0.0
2015-12-01 00:00:00-05:00,0.7807041668723536,0.7997338474083968,0.7799722516081217,0.799001932144165,409496000,0.0,0.0
2015-12-02 00:00:00-05:00,0.800221802994044,0.808516765626494,0.7911949250508489,0.7929027080535889,294240000,0.0,0.0
2015-12-03 00:00:00-05:00,0.7992461065617622,0.8075410709716286,0.7872915648140084,0.7911950945854187,246656000,0.0,0.0
2015-12-04 00:00:00-05:00,0.7911950219751345,0.8248628977258637,0.7911950219751345,0.8233990669250488,458756000,0.0,0.0
2015-12-07 00:00:00-05:00,0.8231551417630381,0.8231551417630381,0.8053453354865685,0.8077850341796875,333588000,0.0,0.0
2015-12-08 00:00:00-05:00,0.7977819619077955,0.8221789406765105,0.7926586138164611,0.8187633752822876,314488000,0.0,0.0
2015-12-09 00:00:00-05:00,0.8185195368463557,0.8233989332790945,0.7897310629930002,0.7980260252952576,372676000,0.0,0.0
2015-12-10 00:00:00-05:00,0.8004656341528471,0.8090046060404016,0.797781983864524,0.8046131730079651,236596000,0.0,0.0
2015-12-11 00:00:00-05:00,0.7965622152328865,0.8021735266818997,0.7909509037838732,0.7926586866378784,227320000,0.0,0.0
2015-12-14 00:00:00-05:00,0.7933905612219146,0.7990018723833361,0.7850955415700385,0.7946103811264038,275892000,0.0,0.0
2015-12-15 00:00:00-05:00,0.803637355503091,0.809980582645022,0.7992459218793668,0.8043692708015442,307296000,0.0,0.0
2015-12-16 00:00:00-05:00,0.8060771315644013,0.8119324545170826,0.7990020466082457,0.8092487454414368,236356000,0.0,0.0
2015-12-17 00:00:00-05:00,0.8104685476681079,0.818763510182762,0.7965622732954242,0.7970501780509949,254160000,0.0,0.0
2015-12-18 00:00:00-05:00,0.7914387594722937,0.7994897685235333,0.7831437980761643,0.7841196656227112,395896000,0.0,0.0
2015-12-21 00:00:00-05:00,0.792658850891941,0.803393513127397,0.7855837074828209,0.8026615977287292,284216000,0.0,0.0
2015-12-22 00:00:00-05:00,0.8051013857688131,0.8114446144838937,0.7985142046160784,0.8033936023712158,130012000,0.0,0.0
2015-12-23 00:00:00-05:00,0.8046133108875538,0.809736659997838,0.803149480236902,0.8065650463104248,122524000,0.0,0.0
2015-12-24 00:00:00-05:00,0.8041253960248412,0.8112005391479974,0.8029055176873657,0.8092487454414368,52448000,0.0,0.0
2015-12-28 00:00:00-05:00,0.8007098003648343,0.808516800403595,0.7894871760066801,0.808516800403595,142024000,0.0,0.0
2015-12-29 00:00:00-05:00,0.8090045839943956,0.824130734101899,0.8068088384545196,0.8216910362243652,203660000,0.0,0.0
2015-12-30 00:00:00-05:00,0.8209591915492744,0.8280343334518387,0.8143720125309178,0.8146159648895264,180344000,0.0,0.0
2015-12-31 00:00:00-05:00,0.8133962575092933,0.8170557760628878,0.8041253685951233,0.8041253685951233,148528000,0.0,0.0
2016-01-04 00:00:00-05:00,0.7877792310243403,0.7948543142667868,0.7816799571483152,0.789730966091156,358076000,0.0,0.0
2016-01-05 00:00:00-05:00,0.8046133223201956,0.8158359465786573,0.7929027351155841,0.8024175763130188,490272000,0.0,0.0
2016-01-06 00:00:00-05:00,0.7892431287197467,0.7929027052605814,0.7602107014414428,0.7692376375198364,449344000,0.0,0.0
2016-01-07 00:00:00-05:00,0.7499640243136735,0.7550874320106673,0.7289826050475138,0.7387414574623108,645304000,0.0,0.0
2016-01-08 00:00:00-05:00,0.7482560104718293,0.7489879256314864,0.7214193345633458,0.7228831648826599,398472000,0.0,0.0
2016-01-11 00:00:00-05:00,0.7236151288479433,0.7292264400057904,0.711172628461549,0.7241030335426331,409372000,0.0,0.0
2016-01-12 00:00:00-05:00,0.7370336355469427,0.7470364406315092,0.7311783704773205,0.7363017201423645,469356000,0.0,0.0
2016-01-13 00:00:00-05:00,0.7419128991225961,0.746792353662945,0.713124483786593,0.7138563990592957,481672000,0.0,0.0
2016-01-14 00:00:00-05:00,0.6992182839968462,0.7075133059337633,0.6787248269867655,0.6994622945785522,600236000,0.0,0.0
2016-01-15 00:00:00-05:00,0.6714055646307733,0.6794565739904933,0.64993618694919,0.6614027619361877,841452000,0.0,0.0
2016-01-19 00:00:00-05:00,0.6750649413626082,0.6940946170191081,0.6640862733812464,0.6667699813842773,457140000,0.0,0.0
2016-01-20 00:00:00-05:00,0.6540837338493477,0.6789686796708547,0.6453008083731101,0.6704297065734863,481180000,0.0,0.0
2016-01-21 00:00:00-05:00,0.6777489373417597,0.6887275518209671,0.6638426031453604,0.6782368421554565,481456000,0.0,0.0
2016-01-22 00:00:00-05:00,0.6911671754790054,0.6987302809416087,0.6897033448625662,0.6940948367118835,257996000,0.0,0.0
2016-01-25 00:00:00-05:00,0.6938507949343385,0.7019018041204494,0.6918990016415608,0.693362832069397,270728000,0.0,0.0
2016-01-26 00:00:00-05:00,0.6948267593746991,0.7031217220663265,0.6877516167650184,0.7001940608024597,227944000,0.0,0.0
2016-01-27 00:00:00-05:00,0.699218095570094,0.7014138412117111,0.6787246440826314,0.6918990015983582,231700000,0.0,0.0
2016-01-28 00:00:00-05:00,0.6975103043938216,0.6999500023550207,0.6709175791666535,0.6843359470367432,276776000,0.0,0.0
2016-01-29 00:00:00-05:00,0.6901914167979029,0.716052234549416,0.6875077656885776,0.7145884037017822,310504000,0.0,0.0
2016-02-01 00:00:00-05:00,0.7138563191668568,0.718491704485873,0.7077570452992759,0.7148321866989136,289884000,0.0,0.0
2016-02-02 00:00:00-05:00,0.7075133013378915,0.7111728202026683,0.6797006903973718,0.6845800876617432,341908000,0.0,0.0
2016-02-03 00:00:00-05:00,0.6899474660832868,0.6940949480504911,0.6721376597827603,0.6879956722259521,326772000,0.0,0.0
2016-02-04 00:00:00-05:00,0.688971431575744,0.7038536319972104,0.6814083842579469,0.688239574432373,348140000,0.0,0.0
2016-02-05 00:00:00-05:00,0.683604288946019,0.6911673380202221,0.6428612653196103,0.6448130011558533,600428000,0.0,0.0
2016-02-08 00:00:00-05:00,0.6350538428950934,0.6382254554426063,0.6062653776690456,0.6152923107147217,608852000,0.0,0.0
2016-02-09 00:00:00-05:00,0.6079734806008799,0.647740572586618,0.605045819088506,0.6218797564506531,425372000,0.0,0.0
2016-02-10 00:00:00-05:00,0.625783346152731,0.643837105443126,0.61700041893478,0.620415985584259,335800000,0.0,0.0
2016-02-11 00:00:00-05:00,0.6045577893583889,0.6235874707535448,0.6045577893583889,0.6172442436218262,340144000,0.0,0.0
2016-02-12 00:00:00-05:00,0.6270029842847802,0.6289547776366937,0.6038258235871165,0.627734899520874,340816000,0.0,0.0
2016-02-16 00:00:00-05:00,0.6367617133198858,0.6594509670520183,0.6348099783287484,0.6584750413894653,485352000,0.0,0.0
2016-02-17 00:00:00-05:00,0.6667702467123683,0.6811644853342435,0.6640865376414081,0.6748212575912476,771468000,0.0,0.0
2016-02-18 00:00:00-05:00,0.7302024252193382,0.7558192871617946,0.7294705098923825,0.7328860759735107,1068660000,0.0,0.0
2016-02-19 00:00:00-05:00,0.7289826998953787,0.7492322645779244,0.7233713866561089,0.7426450252532959,525628000,0.0,0.0
2016-02-22 00:00:00-05:00,0.7533795588068978,0.7775325891340602,0.7519157282112525,0.768993616104126,449668000,0.0,0.0
2016-02-23 00:00:00-05:00,0.7628945374465156,0.7782646451457889,0.7592349602957336,0.7709455490112305,369380000,0.0,0.0
2016-02-24 00:00:00-05:00,0.7677737350653682,0.7775325273718339,0.7465483094485138,0.7763126492500305,336852000,0.0,0.0
2016-02-25 00:00:00-05:00,0.7792403196687477,0.7819239701355083,0.7641141681432981,0.778020441532135,349616000,0.0,0.0
2016-02-26 00:00:00-05:00,0.7816801700262873,0.7836319056246266,0.7650901847723941,0.7728972434997559,361964000,0.0,0.0
2016-02-29 00:00:00-05:00,0.7739989551321568,0.7840381425417745,0.7673877772400759,0.767877459526062,323344000,0.002875,0.0
2016-03-01 00:00:00-05:00,0.7698364355141101,0.8019129633903503,0.7686121129272866,0.8019129633903503,348700000,0.0,0.0
2016-03-02 00:00:00-05:00,0.7975053420897517,0.8095034329411854,0.7960361785766937,0.8065651059150696,233812000,0.0,0.0
2016-03-03 00:00:00-05:00,0.8055857825336165,0.8090137922348883,0.7886905168044609,0.7994643449783325,302004000,0.0,0.0
2016-03-04 00:00:00-05:00,0.8055858709695882,0.8063204528974894,0.7908943491694,0.7970158457756042,175304000,0.0,0.0
2016-03-07 00:00:00-05:00,0.7926082753209758,0.7979951894631265,0.7815896058780487,0.7918736934661865,239968000,0.0,0.0
2016-03-08 00:00:00-05:00,0.783793354872175,0.7884456871798943,0.774978430955043,0.7774270176887512,274940000,0.0,0.0
2016-03-09 00:00:00-05:00,0.7842830658500332,0.7855073299810373,0.766898059834272,0.7769373059272766,222788000,0.0,0.0
2016-03-10 00:00:00-05:00,0.7815896831687683,0.7859971747333572,0.7600421412271727,0.7757130861282349,286084000,0.0,0.0
2016-03-11 00:00:00-05:00,0.7872212989553233,0.7891802032062301,0.7779166934949671,0.7889353036880493,277400000,0.0,0.0
2016-03-14 00:00:00-04:00,0.7852624554658738,0.7940773786744295,0.7815895464710974,0.7908942103385925,190312000,0.0,0.0
2016-03-15 00:00:00-04:00,0.7867315559171424,0.7918735697182002,0.7730194607354183,0.7869763970375061,226216000,0.0,0.0
2016-03-16 00:00:00-04:00,0.7810998801723975,0.8131764053270703,0.7774269711024732,0.810482919216156,363644000,0.0,0.0
2016-03-17 00:00:00-04:00,0.8075448248262637,0.8114625175088045,0.79260840255312,0.803627073764801,353680000,0.0,0.0
2016-03-18 00:00:00-04:00,0.8131765812802232,0.8386418756191499,0.8080345074696997,0.8278681039810181,545512000,0.0,0.0
2016-03-21 00:00:00-04:00,0.8205221968520238,0.8305613847336051,0.8117072731218715,0.8303165435791016,337780000,0.0,0.0
2016-03-22 00:00:00-04:00,0.8276231441012993,0.8347240048565034,0.8185633205272977,0.8288474082946777,242012000,0.0,0.0
2016-03-23 00:00:00-04:00,0.8325202406303105,0.8491706057452593,0.8288473316320671,0.843049168586731,429008000,0.0,0.0
2016-03-24 00:00:00-04:00,0.8354586425781951,0.8457427310331118,0.8327652144695644,0.844273567199707,244956000,0.0,0.0
2016-03-28 00:00:00-04:00,0.8428044539611208,0.8565165532645286,0.8418250308063604,0.852843701839447,265388000,0.0,0.0
2016-03-29 00:00:00-04:00,0.8491707422812297,0.8685145965647746,0.8472118960864806,0.8665557503700256,261812000,0.0,0.0
2016-03-30 00:00:00-04:00,0.8697390584718373,0.8876137517817222,0.8692493176552806,0.875615656375885,376700000,0.0,0.0
2016-03-31 00:00:00-04:00,0.8795334510315361,0.8814922976362559,0.8655765084308511,0.8724325299263,379884000,0.0,0.0
2016-04-01 00:00:00-04:00,0.8670453870676784,0.8856547168323496,0.8604342085349213,0.8851649761199951,348292000,0.0,0.0
2016-04-04 00:00:00-04:00,0.8925108053315193,0.8971631381313148,0.873166950575556,0.8765949606895447,393940000,0.0,0.0
2016-04-05 00:00:00-04:00,0.8687595615119766,0.8834510842151286,0.8653314928447705,0.8753707408905029,339568000,0.0,0.0
2016-04-06 00:00:00-04:00,0.8643520257260715,0.8770847014396512,0.8479464987129093,0.8765949606895447,453376000,0.0,0.0
2016-04-07 00:00:00-04:00,0.8709630044044196,0.8787985043300623,0.863862144624393,0.8675349950790405,378104000,0.0,0.0
2016-04-08 00:00:00-04:00,0.8746361422773709,0.8802678983776596,0.8645968944226367,0.8731669783592224,255936000,0.0,0.0
2016-04-11 00:00:00-04:00,0.8783087890109202,0.8930003663897289,0.8756153613746105,0.8785536885261536,387524000,0.0,0.0
2016-04-12 00:00:00-04:00,0.88149213630958,0.8827164589976572,0.8604342764575724,0.8775744438171387,292764000,0.0,0.0
2016-04-13 00:00:00-04:00,0.8814920045191393,0.8998564334422277,0.8814920045191393,0.8996115922927856,350716000,0.0,0.0
2016-04-14 00:00:00-04:00,0.8971629187078498,0.9059778414014261,0.8934900099276495,0.9020600914955139,416564000,0.0,0.0
2016-04-15 00:00:00-04:00,0.9018154492585699,0.917241552779716,0.8988771215863831,0.9091612100601196,436972000,0.0,0.0
2016-04-18 00:00:00-04:00,0.9074472021106937,0.9074472021106937,0.896428531754532,0.905243456363678,307320000,0.0,0.0
2016-04-19 00:00:00-04:00,0.9086713633991631,0.9103853682151669,0.8834509150825317,0.889082670211792,309152000,0.0,0.0
2016-04-20 00:00:00-04:00,0.8876134793950748,0.8978975663554212,0.8866340564414487,0.8925106525421143,200172000,0.0,0.0
2016-04-21 00:00:00-04:00,0.8927555528021834,0.8969182027938268,0.8876135381709713,0.8915312886238098,178280000,0.0,0.0
2016-04-22 00:00:00-04:00,0.8944697037104913,0.9005911419600467,0.8851650381758379,0.8881033658981323,223540000,0.0,0.0
2016-04-25 00:00:00-04:00,0.8883480612050216,0.8974078256891537,0.8858994746315019,0.8925106525421143,191972000,0.0,0.0
2016-04-26 00:00:00-04:00,0.8978976719440688,0.9081817601137767,0.8893275887394929,0.8932453393936157,214536000,0.0,0.0
2016-04-27 00:00:00-04:00,0.8910415934429864,0.9140583566371061,0.8893275884783576,0.9135686159133911,352396000,0.0,0.0
2016-04-28 00:00:00-04:00,0.9079367326878284,0.9133236463759143,0.8841854493146861,0.8863891363143921,381224000,0.0,0.0
2016-04-29 00:00:00-04:00,0.8827162262665935,0.884675071996358,0.8604340496012787,0.8699835538864136,321904000,0.0,0.0
2016-05-02 00:00:00-04:00,0.8783087314112399,0.8868788127886081,0.8741461404721421,0.8814918994903564,256076000,0.0,0.0
2016-05-03 00:00:00-04:00,0.871452777669786,0.8751256282619482,0.8633724363123403,0.8709630370140076,224024000,0.0,0.0
2016-05-04 00:00:00-04:00,0.8604340773404103,0.8611686591074798,0.8423145494297793,0.8511294722557068,525764000,0.0,0.0
2016-05-05 00:00:00-04:00,0.8582305290533787,0.8663108714175044,0.8499052871413995,0.8562716245651245,246884000,0.0,0.0
2016-05-06 00:00:00-04:00,0.854802290692187,0.8672901218856811,0.8530882860928649,0.8650863766670227,183240000,0.0,0.0
2016-05-09 00:00:00-04:00,0.8672903457654558,0.8709631970324154,0.8567614159524967,0.8638623356819153,333336000,0.0,0.0
2016-05-10 00:00:00-04:00,0.869249025981028,0.8819816991498216,0.8609238435455433,0.880512535572052,269676000,0.0,0.0
2016-05-11 00:00:00-04:00,0.8832060535084865,0.8927555003512752,0.8783088219459745,0.8829611539840698,328176000,0.0,0.0
2016-05-12 00:00:00-04:00,0.889327465111541,0.8932452152210462,0.8552920949548944,0.8709630370140076,670540000,0.0,0.0
2016-05-13 00:00:00-04:00,0.9596020192802344,1.0039214793394002,0.9549497454234581,1.003431797027588,2110256000,0.0,0.0
2016-05-16 00:00:00-04:00,0.9958411737390559,1.0479961948581464,0.9926580050804892,1.0330597162246704,973032000,0.0,0.0
2016-05-17 00:00:00-04:00,1.0284074018358438,1.0426092404657752,1.015185044640257,1.0352635383605957,628392000,0.0,0.0
2016-05-18 00:00:00-04:00,1.0284075932047427,1.0737066038999754,1.0284075932047427,1.0617084503173828,541072000,0.0,0.0
2016-05-19 00:00:00-04:00,1.057545255472071,1.073950892754797,1.0560762089395022,1.0663602352142334,398880000,0.0,0.0
2016-05-20 00:00:00-04:00,1.0729716385192118,1.0898669615519359,1.0712576337776678,1.0854594707489014,391084000,0.0,0.0
2016-05-23 00:00:00-04:00,1.0901119086108713,1.0942744419200008,1.0805624026553473,1.087173581123352,413636000,0.0,0.0
2016-05-24 00:00:00-04:00,1.0904880110143642,1.117001520961945,1.087542052457849,1.1135644912719727,415788000,0.002875,0.0
2016-05-25 00:00:00-04:00,1.117001036549127,1.1216653323362655,1.1000618407257587,1.108899712562561,458076000,0.0,0.0
2016-05-26 00:00:00-04:00,1.1108637701729231,1.128784875733636,1.107672335604809,1.1206835508346558,309964000,0.0,0.0
2016-05-27 00:00:00-04:00,1.1219110316590288,1.128539377628438,1.1182285261841214,1.1268209218978882,277416000,0.0,0.0
2016-05-31 00:00:00-04:00,1.1317309299984706,1.149406560111359,1.130994382002376,1.1469515562057495,412524000,0.0,0.0
2016-06-01 00:00:00-04:00,1.14155072863915,1.1602082669456002,1.1381138167685152,1.1491611003875732,387132000,0.0,0.0
2016-06-02 00:00:00-04:00,1.1552979184586514,1.167081745416784,1.1440051623310974,1.1572619676589966,329208000,0.0,0.0
2016-06-03 00:00:00-04:00,1.1459695251439914,1.1474423868558452,1.1209290030662122,1.1410595178604126,461076000,0.0,0.0
2016-06-06 00:00:00-04:00,1.1440051130829454,1.1528429829210844,1.12927544708036,1.1351673603057861,322512000,0.0,0.0
2016-06-07 00:00:00-04:00,1.142041675930094,1.1484245456699853,1.1368863081542655,1.1373772621154785,193400000,0.0,0.0
2016-06-08 00:00:00-04:00,1.1376229922657173,1.1417964530478926,1.1243662958745408,1.133695125579834,234616000,0.0,0.0
2016-06-09 00:00:00-04:00,1.1297672646579748,1.164872939157965,1.1273122601709802,1.1631544828414917,472168000,0.0,0.0
2016-06-10 00:00:00-04:00,1.1494064131282546,1.1597171472668342,1.1327126930635363,1.1341856718063354,400024000,0.0,0.0
2016-06-13 00:00:00-04:00,1.1354133832519377,1.1710101224768543,1.1354133832519377,1.1486700773239136,475588000,0.0,0.0
2016-06-14 00:00:00-04:00,1.1459696117030245,1.1562803468309055,1.1332038727479192,1.1508795022964478,298344000,0.0,0.0
2016-06-15 00:00:00-04:00,1.1604534546057053,1.1727281188364633,1.1476877195218043,1.1626628637313843,301036000,0.0,0.0
2016-06-16 00:00:00-04:00,1.1540708315470973,1.1692914558771568,1.142778072508339,1.1673275232315063,246456000,0.0,0.0
2016-06-17 00:00:00-04:00,1.1688006461337621,1.1690461231121172,1.142287142433915,1.1469515562057495,471000000,0.0,0.0
2016-06-20 00:00:00-04:00,1.1653639225634347,1.182548484434516,1.1646273744483608,1.16757333278656,293768000,0.0,0.0
2016-06-21 00:00:00-04:00,1.1724829872642806,1.1756744219752087,1.1587352234860426,1.1604537963867188,212508000,0.0,0.0
2016-06-22 00:00:00-04:00,1.1629083031879321,1.1705186720262417,1.1575074604651565,1.1594713926315308,202620000,0.0,0.0
2016-06-23 00:00:00-04:00,1.1705189017175224,1.1916314400361838,1.1697823538474827,1.190403938293457,297880000,0.0,0.0
2016-06-24 00:00:00-04:00,1.1415506550102943,1.162663195897478,1.1120913119669247,1.1226475238800049,1017684000,0.0,0.0
2016-06-27 00:00:00-04:00,1.1133189556256928,1.1219113538066965,1.0941703430774687,1.1106185913085938,449088000,0.0,0.0
2016-06-28 00:00:00-04:00,1.1317308121367475,1.1329581969006997,1.1113547032619218,1.1268209218978882,381920000,0.0,0.0
2016-06-29 00:00:00-04:00,1.1366409926590573,1.154071148429801,1.1336950343511785,1.1452332735061646,318932000,0.0,0.0
2016-06-30 00:00:00-04:00,1.1471972696986097,1.161190513899062,1.1378685572926952,1.1540712118148804,430940000,0.0,0.0
2016-07-01 00:00:00-04:00,1.147687416571753,1.1626625568284104,1.1415500275459387,1.1454778909683228,218488000,0.0,0.0
2016-07-05 00:00:00-04:00,1.139095934348836,1.1643819411294698,1.1300126990363857,1.162418007850647,371084000,0.0,0.0
2016-07-06 00:00:00-04:00,1.1543159460810224,1.1766559801964838,1.1484240329329074,1.169782042503357,273104000,0.0,0.0
2016-07-07 00:00:00-04:00,1.1776384018813422,1.2043973825418581,1.172237557178012,1.2002239227294922,395400000,0.0,0.0
2016-07-08 00:00:00-04:00,1.212989239590847,1.2542324011487125,1.2083248274467437,1.2483404874801636,481932000,0.0,0.0
2016-07-11 00:00:00-04:00,1.2662622764314373,1.286392797303353,1.2647892972138517,1.2770640850067139,448776000,0.0,0.0
2016-07-12 00:00:00-04:00,1.2913025440599746,1.3079961490573564,1.2750997759541265,1.2962124347686768,436760000,0.0,0.0
2016-07-13 00:00:00-04:00,1.2986674891317875,1.3060323846754898,1.2937575977896671,1.2957215309143066,324604000,0.0,0.0
2016-07-14 00:00:00-04:00,1.3025953280671356,1.3207619123133578,1.2917935214872869,1.3089780807495117,316892000,0.0,0.0
2016-07-15 00:00:00-04:00,1.2922842215849686,1.29964911486557,1.2726446622513745,1.2937572002410889,428616000,0.0,0.0
2016-07-18 00:00:00-04:00,1.3097143004546596,1.3116782328693368,1.295475585591498,1.3003854751586914,252992000,0.0,0.0
2016-07-19 00:00:00-04:00,1.2996492367873296,1.3190433210077888,1.2971942331098196,1.3138879537582397,382652000,0.0,0.0
2016-07-20 00:00:00-04:00,1.3183067120980512,1.3381918663707781,1.3129058681427865,1.331072449684143,296460000,0.0,0.0
2016-07-21 00:00:00-04:00,1.3281262153915836,1.3322996737559547,1.3021037917552394,1.3065227270126343,361308000,0.0,0.0
2016-07-22 00:00:00-04:00,1.3111872590390243,1.342119574546814,1.3016129569698276,1.342119574546814,315768000,0.0,0.0
2016-07-25 00:00:00-04:00,1.35022114522792,1.3701061837527837,1.3443292299341736,1.3669147491455078,312528000,0.0,0.0
2016-07-26 00:00:00-04:00,1.378944212877785,1.3973562746646309,1.3769802799111004,1.3902369737625122,514508000,0.0,0.0
2016-07-27 00:00:00-04:00,1.402265779450265,1.4047207827783275,1.3678965522844062,1.3762433528900146,446676000,0.0,0.0
2016-07-28 00:00:00-04:00,1.3794350874553392,1.3895003457586552,1.3750161507388734,1.3791896104812622,221916000,0.0,0.0
2016-07-29 00:00:00-04:00,1.3843450867002491,1.4054576299201662,1.3595501544582982,1.4017752408981323,409588000,0.0,0.0
2016-08-01 00:00:00-04:00,1.4076671174451614,1.4128224853434177,1.383608616858932,1.3926918506622314,301120000,0.0,0.0
2016-08-02 00:00:00-04:00,1.399320236878374,1.4000567849194214,1.3624961125350246,1.3757528066635132,282748000,0.0,0.0
2016-08-03 00:00:00-04:00,1.3740339804086301,1.3821353043109896,1.3664236103606546,1.3794348239898682,299828000,0.0,0.0
2016-08-04 00:00:00-04:00,1.3860629902669153,1.4113489834782424,1.383362627355533,1.404966115951538,272712000,0.0,0.0
2016-08-05 00:00:00-04:00,1.4211691119008247,1.4295159137094504,1.414295288889135,1.4287794828414917,371588000,0.0,0.0
2016-08-08 00:00:00-04:00,1.4484191406205469,1.451856052355535,1.4268155281991555,1.4420362710952759,305064000,0.0,0.0
2016-08-09 00:00:00-04:00,1.4491556772444785,1.45971200725284,1.4420363762828412,1.445718765258789,372344000,0.0,0.0
2016-08-10 00:00:00-04:00,1.4584844908555428,1.4606939008071134,1.4317255091436911,1.4363899230957031,375740000,0.0,0.0
2016-08-11 00:00:00-04:00,1.4440002137142174,1.4717411018153685,1.4410542559039838,1.4656037092208862,681064000,0.0,0.0
2016-08-12 00:00:00-04:00,1.5196123593872588,1.555945520567376,1.488434564948252,1.5475987195968628,1425744000,0.0,0.0
2016-08-15 00:00:00-04:00,1.5493175622698157,1.5588918673501364,1.525259061072679,1.546126127243042,573304000,0.0,0.0
2016-08-16 00:00:00-04:00,1.5439164657424809,1.5463713523303069,1.5321327525866784,1.5367971658706665,287652000,0.0,0.0
2016-08-17 00:00:00-04:00,1.5367970469139236,1.540233958107454,1.4891710099498408,1.5012001991271973,595212000,0.0,0.0
2016-08-18 00:00:00-04:00,1.4989908297729366,1.5269771909984038,1.4930989149629388,1.524522304534912,331684000,0.0,0.0
2016-08-19 00:00:00-04:00,1.523785837330904,1.5399884868552456,1.5171574913492203,1.5284502506256104,291560000,0.0,0.0
2016-08-22 00:00:00-04:00,1.5331149751612967,1.5370429583936966,1.5149483892619402,1.5348334312438965,244748000,0.0,0.0
2016-08-23 00:00:00-04:00,1.5504508052508081,1.5573372954103935,1.542826409844559,1.5472534894943237,339764000,0.002875,0.0
2016-08-24 00:00:00-04:00,1.552664186431023,1.5534019742976999,1.5162639543103371,1.523396372795105,298448000,0.0,0.0
2016-08-25 00:00:00-04:00,1.52388847867237,1.5246262666019972,1.4943748505060914,1.5133126974105835,406032000,0.0,0.0
2016-08-26 00:00:00-04:00,1.5172481435591487,1.5342184412285396,1.5051966673713413,1.525610327720642,300024000,0.0,0.0
2016-08-29 00:00:00-04:00,1.5317590308853037,1.5379076163772545,1.5221670827125493,1.5246264934539795,274652000,0.0,0.0
2016-08-30 00:00:00-04:00,1.5226587132488223,1.5307749668498707,1.5115910733788955,1.5157722234725952,285544000,0.0,0.0
2016-08-31 00:00:00-04:00,1.518723735938856,1.5229047691032425,1.5042128499750427,1.5086398124694824,388544000,0.0,0.0
2016-09-01 00:00:00-04:00,1.5098696453468723,1.55881310256478,1.5086398813637054,1.5531563758850098,428492000,0.0,0.0
2016-09-02 00:00:00-04:00,1.5563538291564551,1.5580754519740485,1.5204455620732111,1.5379077196121216,323148000,0.0,0.0
2016-09-06 00:00:00-04:00,1.5433181428411096,1.5524181127548218,1.5354478193503849,1.5524181127548218,306812000,0.0,0.0
2016-09-07 00:00:00-04:00,1.5474994380279292,1.5551238335288258,1.5206912650267221,1.5295453071594238,397988000,0.0,0.0
2016-09-08 00:00:00-04:00,1.5280693657799016,1.5430722250190056,1.5106072136765547,1.5406126976013184,315808000,0.0,0.0
2016-09-09 00:00:00-04:00,1.5236424790713463,1.5322505909035378,1.451088058552226,1.4638773202896118,697760000,0.0,0.0
2016-09-12 00:00:00-04:00,1.4444475837396846,1.497080209590553,1.4097689705097198,1.4941288232803345,598260000,0.0,0.0
2016-09-13 00:00:00-04:00,1.4904397931402606,1.5076561367633452,1.4641234776703247,1.4724856615066528,471768000,0.0,0.0
2016-09-14 00:00:00-04:00,1.4759287735504152,1.4904396586049224,1.4636314868811584,1.4855207204818726,319048000,0.0,0.0
2016-09-15 00:00:00-04:00,1.4879806520215433,1.5435646796252531,1.4845372888518134,1.541843056678772,515212000,0.0,0.0
2016-09-16 00:00:00-04:00,1.5472533721346524,1.5556155548765516,1.5278235497461956,1.5455317497253418,902444000,0.0,0.0
2016-09-19 00:00:00-04:00,1.5617644747119317,1.6050512048481307,1.554632054773939,1.5659456253051758,417128000,0.0,0.0
2016-09-20 00:00:00-04:00,1.5838998950490937,1.5838998950490937,1.5430726893004698,1.5516808032989502,331112000,0.0,0.0
2016-09-21 00:00:00-04:00,1.5563536446437436,1.5981646805885696,1.5561077153099232,1.5952132940292358,336212000,0.0,0.0
2016-09-22 00:00:00-04:00,1.6045595463358795,1.6094784855597524,1.5900486580339408,1.5991486310958862,308732000,0.0,0.0
2016-09-23 00:00:00-04:00,1.6011160639477808,1.6057889558345178,1.5902943523441004,1.5974267721176147,276132000,0.0,0.0
2016-09-26 00:00:00-04:00,1.5792267286873203,1.5888186764525691,1.5625023610705129,1.5824240446090698,230040000,0.0,0.0
2016-09-27 00:00:00-04:00,1.5762753972093455,1.6389919538801092,1.5755376091754922,1.6365324258804321,402752000,0.0,0.0
2016-09-28 00:00:00-04:00,1.638991590818543,1.643664599161387,1.6215293211745947,1.64243483543396,319788000,0.0,0.0
2016-09-29 00:00:00-04:00,1.6397295994836185,1.6628487150207576,1.6244809259511026,1.6576837301254272,336684000,0.0,0.0
2016-09-30 00:00:00-04:00,1.6667841449518142,1.701708695777475,1.6569462664357784,1.6852302551269531,429932000,0.0,0.0
2016-10-03 00:00:00-04:00,1.685230016849183,1.7095787803251694,1.680557007623277,1.683508276939392,242596000,0.0,0.0
2016-10-04 00:00:00-04:00,1.685967809595274,1.7142516770900333,1.6672757726391398,1.679819107055664,281624000,0.0,0.0
2016-10-05 00:00:00-04:00,1.6940841865530063,1.7113005314529062,1.6729327374183178,1.6780976057052612,305440000,0.0,0.0
2016-10-06 00:00:00-04:00,1.6579300187487982,1.6682597554939063,1.6296460314641934,1.6562083959579468,360212000,0.0,0.0
2016-10-07 00:00:00-04:00,1.66727605554407,1.6717031361969896,1.639484042008146,1.6441570520401,286260000,0.0,0.0
2016-10-10 00:00:00-04:00,1.6527646814937924,1.6616188402003473,1.6348105520505765,1.6503052711486816,287876000,0.0,0.0
2016-10-11 00:00:00-04:00,1.6448947395922677,1.6473541503336369,1.6139052964030614,1.626448631286621,388540000,0.0,0.0
2016-10-12 00:00:00-04:00,1.6198080620912205,1.6424352037321843,1.6062810098863998,1.6338270902633667,419920000,0.0,0.0
2016-10-13 00:00:00-04:00,1.6146433437925056,1.618332518867547,1.5666835987099224,1.6072648763656616,390116000,0.0,0.0
2016-10-14 00:00:00-04:00,1.6269406137728373,1.6380082561430078,1.613413560474162,1.6230055093765259,330636000,0.0,0.0
2016-10-17 00:00:00-04:00,1.622759111784887,1.6380077835167335,1.6114455433139279,1.6136590242385864,195328000,0.0,0.0
2016-10-18 00:00:00-04:00,1.636040446016469,1.6475999452945869,1.6293998850966298,1.638253927230835,269372000,0.0,0.0
2016-10-19 00:00:00-04:00,1.6271865265206602,1.6424352013975694,1.6188242251322662,1.6348108053207397,199060000,0.0,0.0
2016-10-20 00:00:00-04:00,1.6539946653684403,1.6712110091817742,1.6306297362358955,1.6658000946044922,312084000,0.0,0.0
2016-10-21 00:00:00-04:00,1.6598974456836204,1.664078479027394,1.6453865590972194,1.6611272096633911,279508000,0.0,0.0
2016-10-24 00:00:00-04:00,1.672440579161029,1.7410597825618044,1.672194532573263,1.739092230796814,339836000,0.0,0.0
2016-10-25 00:00:00-04:00,1.7361410486651851,1.7781980149922656,1.727778864723109,1.7676222324371338,397460000,0.0,0.0
2016-10-26 00:00:00-04:00,1.7528652918671306,1.7941844672353036,1.751143669333185,1.7747546434402466,333792000,0.0,0.0
2016-10-27 00:00:00-04:00,1.788281978903659,1.791725224519368,1.73122226232936,1.7383546829223633,388664000,0.0,0.0
2016-10-28 00:00:00-04:00,1.7467163902130662,1.773278628649372,1.7322055073288982,1.7354028224945068,290856000,0.0,0.0
2016-10-31 00:00:00-04:00,1.7410600087251762,1.7617195981330889,1.740076174076514,1.7501600980758667,252388000,0.0,0.0
2016-11-01 00:00:00-04:00,1.7565544225162584,1.7661463688732935,1.6795729223600628,1.6982649564743042,473224000,0.0,0.0
2016-11-02 00:00:00-04:00,1.7113005154151335,1.7344195164505525,1.688181397102961,1.6911327838897705,295848000,0.0,0.0
2016-11-03 00:00:00-04:00,1.699002891492301,1.700478584696298,1.6389917978778004,1.6714568138122559,309664000,0.0,0.0
2016-11-04 00:00:00-04:00,1.6603894217410153,1.6903950316741392,1.637516349573377,1.6618651151657104,328780000,0.0,0.0
2016-11-07 00:00:00-05:00,1.7105624212798203,1.7639329550742309,1.7093326573749237,1.7528653144836426,487580000,0.0,0.0
2016-11-08 00:00:00-05:00,1.7595059994927862,1.7651628434882827,1.7339275886718102,1.7501600980758667,429884000,0.0,0.0
2016-11-09 00:00:00-05:00,1.7026922489551242,1.7437654992089753,1.690149031287481,1.7206463813781738,456532000,0.0,0.0
2016-11-10 00:00:00-05:00,1.7582763279413942,1.7585222572808987,1.6419433064299993,1.6667839288711548,869280000,0.0,0.0
2016-11-11 00:00:00-05:00,1.955525883107709,2.1832728605810137,1.9306851444426099,2.1635971069335938,2175344000,0.0,0.0
2016-11-14 00:00:00-05:00,2.16654861867893,2.169008146665408,2.0566103446825448,2.0571022033691406,1348796000,0.0,0.0
2016-11-15 00:00:00-05:00,2.0730881291773215,2.1508074108116295,2.064233971451613,2.1198182106018066,626092000,0.0,0.0
2016-11-16 00:00:00-05:00,2.1481026371057066,2.276486902444628,2.12375387286348,2.2536139488220215,987984000,0.0,0.0
2016-11-17 00:00:00-05:00,2.2703380579212236,2.331332984876779,2.2295107422221694,2.272305727005005,832988000,0.0,0.0
2016-11-18 00:00:00-05:00,2.272306174592548,2.3200197550995387,2.2577952865826107,2.2961630821228027,576060000,0.0,0.0
2016-11-21 00:00:00-05:00,2.3141165033514612,2.320511133972795,2.2725512870360682,2.286816358566284,436436000,0.0,0.0
2016-11-22 00:00:00-05:00,2.2946867847555903,2.3055083781693977,2.2720596461241973,2.3032948970794678,330368000,0.0,0.0
2016-11-23 00:00:00-05:00,2.3084677145096615,2.3461539381866126,2.2850679221655166,2.3146257400512695,443236000,0.0035,0.0
2016-11-25 00:00:00-05:00,2.3257096246433453,2.342459028936894,2.300831580795024,2.319305419921875,195564000,0.0,0.0
2016-11-28 00:00:00-05:00,2.3121623777914695,2.333591788476869,2.305511757624795,2.3180739879608154,278736000,0.0,0.0
2016-11-29 00:00:00-05:00,2.3153643410523213,2.326202371228553,2.2791561401904628,2.2968907356262207,444568000,0.0,0.0
2016-11-30 00:00:00-05:00,2.305512289358207,2.319306127902913,2.268565069635407,2.2710282802581787,440500000,0.0,0.0
2016-12-01 00:00:00-05:00,2.268564033925766,2.270288233593587,2.0880149590095702,2.1587073802948,1035524000,0.0,0.0
2016-12-02 00:00:00-05:00,2.1244699937625713,2.1872804391580205,2.0966363785738693,2.178659439086914,478292000,0.0,0.0
2016-12-05 00:00:00-05:00,2.216591812062873,2.281126456676647,2.192206597203353,2.2631454467773438,602284000,0.0,0.0
2016-12-06 00:00:00-05:00,2.271273764821156,2.308713803126602,2.2555095505296325,2.3003389835357666,498796000,0.0,0.0
2016-12-07 00:00:00-05:00,2.286791186066631,2.347384582216875,2.268563766792751,2.341719388961792,480804000,0.0,0.0
2016-12-08 00:00:00-05:00,2.344676571302274,2.3798995910465575,2.2919651317472445,2.3025565147399902,381544000,0.0,0.0
2016-12-09 00:00:00-05:00,2.320291009416099,2.3220152096416515,2.2343269433205117,2.2616679668426514,382312000,0.0,0.0
2016-12-12 00:00:00-05:00,2.213143392143134,2.2156066020836382,2.15624455798341,2.2067391872406006,601332000,0.0,0.0
2016-12-13 00:00:00-05:00,2.219056136037133,2.2732456078973886,2.2180709455193237,2.2456581592559814,387796000,0.0,0.0
2016-12-14 00:00:00-05:00,2.2794026503031692,2.3919689690094366,2.255510026329355,2.3757121562957764,983980000,0.0,0.0
2016-12-15 00:00:00-05:00,2.3867951211018066,2.4616751817554348,2.37940572797583,2.4313783645629883,746548000,0.0,0.0
2016-12-16 00:00:00-05:00,2.458966342455727,2.4803957537948573,2.4072401042529363,2.473252773284912,1089528000,0.0,0.0
2016-12-19 00:00:00-05:00,2.455764927252663,2.523501577213232,2.438522687246297,2.5033037662506104,744656000,0.0,0.0
2016-12-20 00:00:00-05:00,2.575966075861562,2.6141448908272,2.56463545092775,2.590498685836792,848056000,0.0,0.0
2016-12-21 00:00:00-05:00,2.602076680038254,2.609712493502063,2.5545378333718447,2.6067566871643066,576136000,0.0,0.0
2016-12-22 00:00:00-05:00,2.631141466216267,2.6816361106409117,2.6239982492049947,2.638284683227539,718612000,0.0,0.0
2016-12-23 00:00:00-05:00,2.620302800414895,2.7055280841001093,2.6175934102635607,2.704050064086914,647692000,0.0,0.0
2016-12-27 00:00:00-05:00,2.7602100511581016,2.890757128369453,2.7395194158705993,2.8897719383239746,1194272000,0.0,0.0
2016-12-28 00:00:00-05:00,2.945931824258892,2.954060229561132,2.677201854252198,2.690995454788208,2295764000,0.0,0.0
2016-12-29 00:00:00-05:00,2.5838484047435557,2.746170345731629,2.532122163046574,2.744692325592041,2175368000,0.0,0.0
2016-12-30 00:00:00-05:00,2.7427206778870326,2.756760688202014,2.6183314342640434,2.629169225692749,1212932000,0.0,0.0
2017-01-03 00:00:00-05:00,2.5715323430703494,2.620056594681072,2.447882063823072,2.5126631259918213,1501996000,0.0,0.0
2017-01-04 00:00:00-05:00,2.5469005129601787,2.598626740908475,2.5008394792636297,2.5712857246398926,1199220000,0.0,0.0
2017-01-05 00:00:00-05:00,2.574734740196662,2.606509353498511,2.489016856420168,2.5060126781463623,984296000,0.0,0.0
2017-01-06 00:00:00-05:00,2.5333531794564506,2.5678374108753683,2.492711158632723,2.539511203765869,822856000,0.0,0.0
2017-01-09 00:00:00-05:00,2.5493638110267205,2.66020566478775,2.5493638110267205,2.6424708366394043,916248000,0.0,0.0
2017-01-10 00:00:00-05:00,2.6555259467474834,2.6895173520085707,2.601829096449757,2.6225197315216064,880920000,0.0,0.0
2017-01-11 00:00:00-05:00,2.61094255473364,2.6158687391130058,2.565374115975353,2.590251922607422,525664000,0.0,0.0
2017-01-12 00:00:00-05:00,2.5673444430635652,2.5789212451984764,2.503055994075469,2.5478854179382324,625616000,0.0,0.0
2017-01-13 00:00:00-05:00,2.5518272606496613,2.586311498529057,2.5385262545158813,2.547640085220337,457820000,0.0,0.0
2017-01-17 00:00:00-05:00,2.5370476364702945,2.5419738203189235,2.4771930110653946,2.4904940128326416,580612000,0.0,0.0
2017-01-18 00:00:00-05:00,2.4690654610849725,2.542713708596296,2.441231843245926,2.5358169078826904,654424000,0.0,0.0
2017-01-19 00:00:00-05:00,2.538772109574816,2.622272943239402,2.5365553148588718,2.590251922607422,644872000,0.0,0.0
2017-01-20 00:00:00-05:00,2.612913595889409,2.6306484279151077,2.5400043573072986,2.5619263648986816,492024000,0.0,0.0
2017-01-23 00:00:00-05:00,2.5567535452540096,2.608479781874063,2.554290335199569,2.5885281562805176,369904000,0.0,0.0
2017-01-24 00:00:00-05:00,2.5986271297948322,2.649860770462901,2.5838481046387987,2.643702745437622,428052000,0.0,0.0
2017-01-25 00:00:00-05:00,2.686069432632412,2.692227458715992,2.6190718001567306,2.655033826828003,522760000,0.0,0.0
2017-01-26 00:00:00-05:00,2.6577430999264604,2.70823773705727,2.628185280745352,2.700848340988159,458800000,0.0,0.0
2017-01-27 00:00:00-05:00,2.707744982872612,2.756022821836464,2.6811429706631524,2.7530670166015625,471996000,0.0,0.0
2017-01-30 00:00:00-05:00,2.7321303139089608,2.7343471092014933,2.6579894696762305,2.7099618911743164,496004000,0.0,0.0
2017-01-31 00:00:00-05:00,2.6836057785648353,2.710700381767798,2.6651319398898066,2.6892709732055664,362756000,0.0,0.0
2017-02-01 00:00:00-05:00,2.7237549324368877,2.810950585301567,2.7060203388412543,2.8067634105682373,590004000,0.0,0.0
2017-02-02 00:00:00-05:00,2.7907533546064682,2.850854416984187,2.7602103457946185,2.842233180999756,483240000,0.0,0.0
2017-02-03 00:00:00-05:00,2.8437109871812107,2.8547951977083157,2.805532170312651,2.817355155944824,372744000,0.0,0.0
2017-02-06 00:00:00-05:00,2.807995413663829,2.890018485435644,2.807995413663829,2.889525890350342,506768000,0.0,0.0
2017-02-07 00:00:00-05:00,2.9237641178202294,2.978446173196704,2.9040589022671375,2.9343557357788086,746224000,0.0,0.0
2017-02-08 00:00:00-05:00,2.9163745732504487,2.938789178464692,2.866618706825753,2.9215471744537354,449580000,0.0,0.0
2017-02-09 00:00:00-05:00,2.927704647291367,2.9326310678467475,2.847406012418752,2.8666183948516846,842568000,0.0,0.0
2017-02-10 00:00:00-05:00,2.9540598782765404,2.9730260767581718,2.773510783030406,2.7986350059509277,1651092000,0.0,0.0
2017-02-13 00:00:00-05:00,2.792969774779987,2.807502384621087,2.6651320911696876,2.6695659160614014,1180724000,0.0,0.0
2017-02-14 00:00:00-05:00,2.659960007163528,2.713164271851604,2.618086369502465,2.6794190406799316,850632000,0.0,0.0
2017-02-15 00:00:00-05:00,2.6823748426255,2.704543031735819,2.6542948075525503,2.684837818145752,373020000,0.0,0.0
2017-02-16 00:00:00-05:00,2.6944441249818953,2.6956757301395724,2.602568447380235,2.641732692718506,647176000,0.0,0.0
2017-02-17 00:00:00-05:00,2.6281855268198533,2.645673945914416,2.5811392857767115,2.641240119934082,563740000,0.0,0.0
2017-02-21 00:00:00-05:00,2.6658716272094676,2.7397662959722995,2.665625212203945,2.735825300216675,551952000,0.0,0.0
2017-02-22 00:00:00-05:00,2.747909320580203,2.757281143038594,2.7126416233918187,2.7316319942474365,433772000,0.0035,0.0
2017-02-23 00:00:00-05:00,2.601907160830117,2.623856836474202,2.4583707281715945,2.4783473014831543,1592888000,0.0,0.0
2017-02-24 00:00:00-05:00,2.3940001119691847,2.515586817971168,2.3602123069081054,2.5022690296173096,1029904000,0.0,0.0
2017-02-27 00:00:00-05:00,2.520520741343816,2.5900692532875493,2.5047366268485134,2.5750250816345215,715400000,0.0,0.0
2017-02-28 00:00:00-05:00,2.584642890279217,2.5945081657027256,2.4854992713242905,2.502763032913208,625360000,0.0,0.0
2017-03-01 00:00:00-05:00,2.55973337616364,2.574037835661334,2.4936376380742087,2.5350708961486816,504804000,0.0,0.0
2017-03-02 00:00:00-05:00,2.522246045311533,2.5363037773312223,2.438886321630592,2.441599130630493,754332000,0.0,0.0
2017-03-03 00:00:00-05:00,2.4309944844563938,2.4359268860392334,2.373037178250825,2.427541732788086,864692000,0.0,0.0
2017-03-06 00:00:00-05:00,2.3912891526911113,2.4194046360729127,2.347143059788878,2.408799648284912,883568000,0.0,0.0
2017-03-07 00:00:00-05:00,2.40879895300764,2.454671409620668,2.3959743750125004,2.435187816619873,603400000,0.0,0.0
2017-03-08 00:00:00-05:00,2.4835261778725077,2.498323855858337,2.4285286313608268,2.430748224258423,638712000,0.0,0.0
2017-03-09 00:00:00-05:00,2.4147173142955722,2.4526975850833974,2.402139230810365,2.4302546977996826,478060000,0.0,0.0
2017-03-10 00:00:00-05:00,2.4566439649718474,2.4684818714994177,2.4263089031929557,2.444559097290039,499740000,0.0,0.0
2017-03-13 00:00:00-04:00,2.454917852445072,2.5217535447942168,2.45417790970732,2.5118885040283203,774136000,0.0,0.0
2017-03-14 00:00:00-04:00,2.5247128279926914,2.534084415861881,2.477853712641239,2.510161876678467,522016000,0.0,0.0
2017-03-15 00:00:00-04:00,2.5217536711960653,2.5400038681671386,2.4741546060335793,2.5291523933410645,615036000,0.0,0.0
2017-03-16 00:00:00-04:00,2.539757129172842,2.560720369202607,2.5256993938303722,2.5602269172668457,523100000,0.0,0.0
2017-03-17 00:00:00-04:00,2.57773788389326,2.6171982876112416,2.5602273929537165,2.6159651279449463,1119688000,0.0,0.0
2017-03-20 00:00:00-04:00,2.633474878377626,2.7032700964963587,2.617444042424654,2.699323892593384,748568000,0.0,0.0
2017-03-21 00:00:00-04:00,2.6820602950951726,2.7119021409141495,2.6041264089043605,2.612018346786499,913484000,0.0,0.0
2017-03-22 00:00:00-04:00,2.6009202724944274,2.6699757906883845,2.596974303363631,2.665289878845215,616764000,0.0,0.0
2017-03-23 00:00:00-04:00,2.6573975227355398,2.677374328188764,2.63150188159349,2.641120195388794,533940000,0.0,0.0
2017-03-24 00:00:00-04:00,2.687486027442905,2.6953779649669403,2.624596312394352,2.650491952896118,439500000,0.0,0.0
2017-03-27 00:00:00-04:00,2.603879739530226,2.6736749633963264,2.554554538692208,2.669728994369507,506644000,0.0,0.0
2017-03-28 00:00:00-04:00,2.670962530493759,2.685513484433273,2.6455601013997603,2.6559183597564697,432444000,0.0,0.0
2017-03-29 00:00:00-04:00,2.6633165393286653,2.675647897564429,2.645066345524743,2.6472859382629395,349992000,0.0,0.0
2017-03-30 00:00:00-04:00,2.654438407812028,2.712888948108521,2.648766061977683,2.6980912685394287,525532000,0.0,0.0
2017-03-31 00:00:00-04:00,2.6884726977975566,2.710175880703233,2.673428528865606,2.68649959564209,440808000,0.0,0.0
2017-04-03 00:00:00-04:00,2.6869927428632425,2.704256502761599,2.6492587266265524,2.6729350090026855,445232000,0.0,0.0
2017-04-04 00:00:00-04:00,2.550115969907495,2.575271910741454,2.474648382606784,2.485499858856201,1271280000,0.0,0.0
2017-04-05 00:00:00-04:00,2.4667561426344715,2.524713471919512,2.4539315641306563,2.4670028686523438,747048000,0.0,0.0
2017-04-06 00:00:00-04:00,2.4721812807782415,2.4970904877046434,2.427048543094755,2.4850058555603027,635120000,0.0,0.0
2017-04-07 00:00:00-04:00,2.49141850753168,2.5089289962465395,2.459357065884833,2.4744012355804443,429068000,0.0,0.0
2017-04-10 00:00:00-04:00,2.4751412951372656,2.481800074562135,2.4070724393210363,2.4112651348114014,756332000,0.0,0.0
2017-04-11 00:00:00-04:00,2.381176151468296,2.439133465235868,2.3762437492418993,2.4198966026306152,618148000,0.0,0.0
2017-04-12 00:00:00-04:00,2.419896312754296,2.434200536218569,2.3947403823298856,2.3999195098876953,414092000,0.0,0.0
2017-04-13 00:00:00-04:00,2.3757508637322684,2.3974538128756824,2.355034112930298,2.355034112930298,506892000,0.0,0.0
2017-04-17 00:00:00-04:00,2.3678582953257292,2.4475185530456507,2.3626791672883125,2.4472720623016357,497292000,0.0,0.0
2017-04-18 00:00:00-04:00,2.432967814985023,2.454917723577843,2.40707217253432,2.448751926422119,370116000,0.0,0.0
2017-04-19 00:00:00-04:00,2.4662623851845247,2.490431651189236,2.451711433348718,2.4583704471588135,380828000,0.0,0.0
2017-04-20 00:00:00-04:00,2.4729218220007683,2.5020237306504143,2.451711852726791,2.497337818145752,404016000,0.0,0.0
2017-04-21 00:00:00-04:00,2.4869789257531414,2.5104084845216588,2.4751410185867684,2.5076956748962402,341896000,0.0,0.0
2017-04-24 00:00:00-04:00,2.539263214354647,2.5520877879221486,2.518300213347342,2.5390167236328125,371820000,0.0,0.0
2017-04-25 00:00:00-04:00,2.553568140502038,2.59771421350183,2.532111683721202,2.583163261413574,388440000,0.0,0.0
2017-04-26 00:00:00-04:00,2.596727578717111,2.599193662201051,2.5634329820724218,2.565406084060669,327004000,0.0,0.0
2017-04-27 00:00:00-04:00,2.5728051345395255,2.6137449480312336,2.554801429194126,2.6053597927093506,319700000,0.0,0.0
2017-04-28 00:00:00-04:00,2.5984549702148705,2.6053604770707177,2.5666400112274763,2.572312593460083,348248000,0.0,0.0
2017-05-01 00:00:00-04:00,2.5831629338310145,2.6352011735953464,2.576010704077371,2.630021810531616,307732000,0.0,0.0
2017-05-02 00:00:00-04:00,2.6031408032189063,2.6043739630053193,2.5293993532789725,2.552088975906372,629972000,0.0,0.0
2017-05-03 00:00:00-04:00,2.5451824259786315,2.580696613585841,2.530384985009593,2.571078300476074,336904000,0.0,0.0
2017-05-04 00:00:00-04:00,2.5772443349595466,2.588342535324918,2.553321557958685,2.561213731765747,209788000,0.0,0.0
2017-05-05 00:00:00-04:00,2.549622111193647,2.568612248649659,2.5340844908012565,2.561460018157959,228428000,0.0,0.0
2017-05-08 00:00:00-04:00,2.5732983047159825,2.5747779549691323,2.5232331588670482,2.5345780849456787,365240000,0.0,0.0
2017-05-09 00:00:00-04:00,2.540250799747211,2.5878496335608387,2.5318654081567304,2.538770914077759,847672000,0.0,0.0
2017-05-10 00:00:00-04:00,2.8186917938954514,3.0044014509423804,2.8120330140147356,2.991330146789551,2129096000,0.0,0.0
2017-05-11 00:00:00-04:00,2.9607486659776114,3.216746783614444,2.957295912939811,3.1198225021362305,1939792000,0.0,0.0
2017-05-12 00:00:00-04:00,3.123028504360591,3.196276490108836,3.10206526186153,3.1541032791137695,962620000,0.0,0.0
2017-05-15 00:00:00-04:00,3.1952899614808468,3.3149036150052007,3.1908505400759117,3.3124372959136963,1087540000,0.0,0.0
2017-05-16 00:00:00-04:00,3.36348854966512,3.3896311531607988,3.2890076490229876,3.374093532562256,1120700000,0.0,0.0
2017-05-17 00:00:00-04:00,3.307257878099662,3.3260015252362867,3.145717754932532,3.1499104499816895,1271368000,0.0,0.0
2017-05-18 00:00:00-04:00,3.19380992444988,3.290734190378504,3.133386520780959,3.281855583190918,1156032000,0.0,0.0
2017-05-19 00:00:00-04:00,3.3830789847597793,3.412458291629201,3.33839267758426,3.357649803161621,1018372000,0.0035,0.0
2017-05-22 00:00:00-04:00,3.401348093489212,3.4435654773199005,3.390484956420847,3.429246187210083,836608000,0.0,0.0
2017-05-23 00:00:00-04:00,3.4489971802657418,3.4512191107462415,3.350489633556765,3.3830785751342773,681248000,0.0,0.0
2017-05-24 00:00:00-04:00,3.4801050226401857,3.4828209250065685,3.4090018275275833,3.4210994243621826,815996000,0.0,0.0
2017-05-25 00:00:00-04:00,3.456404061579245,3.4571447836345253,3.3685126571985076,3.4134459495544434,608228000,0.0,0.0
2017-05-26 00:00:00-04:00,3.405298446956085,3.5867595612348913,3.385053850802918,3.501830816268921,779140000,0.0,0.0
2017-05-30 00:00:00-04:00,3.547751465569246,3.6116948903677626,3.531703980642125,3.5766372680664062,989652000,0.0,0.0
2017-05-31 00:00:00-04:00,3.6215712453693127,3.629224746525793,3.5070161847905625,3.563800096511841,887316000,0.0,0.0
2017-06-01 00:00:00-04:00,3.5796001336137855,3.580587841519134,3.5186193536210624,3.5640463829040527,503340000,0.0,0.0
2017-06-02 00:00:00-04:00,3.5610836371583603,3.5872535401635526,3.5403453034198886,3.5462706089019775,487456000,0.0,0.0
2017-06-05 00:00:00-04:00,3.529976061057848,3.666997629018792,3.518372436173932,3.6541595458984375,817376000,0.0,0.0
2017-06-06 00:00:00-04:00,3.6494691568855515,3.6956369118385193,3.624286959137445,3.6376187801361084,758728000,0.0,0.0
2017-06-07 00:00:00-04:00,3.662059267969897,3.700326523525285,3.6465055212416893,3.681563138961792,612612000,0.0,0.0
2017-06-08 00:00:00-04:00,3.788712404365673,3.95017591456643,3.7474824884635614,3.9486947059631348,1161744000,0.0,0.0
2017-06-09 00:00:00-04:00,4.06720058704984,4.1600295964068135,3.52429789657976,3.6934149265289307,3692928000,0.0,0.0
2017-06-12 00:00:00-04:00,3.6015729842379103,3.7452605793308584,3.5084969995049335,3.7025492191314697,1697532000,0.0,0.0
2017-06-13 00:00:00-04:00,3.8119200994381215,3.8210550442969056,3.5958948288645356,3.737854480743408,1672504000,0.0,0.0
2017-06-14 00:00:00-04:00,3.7408171207608096,3.8035260989389137,3.666257530617232,3.7457547187805176,1184640000,0.0,0.0
2017-06-15 00:00:00-04:00,3.6282367765538344,3.792168975646112,3.616879901586917,3.7618021965026855,963824000,0.0,0.0
2017-06-16 00:00:00-04:00,3.771430740570632,3.819326687371752,3.7092155010773826,3.743285655975342,924960000,0.0,0.0
2017-06-19 00:00:00-04:00,3.7874779448877622,3.8891951366430537,3.7837748056563316,3.8840105533599854,778176000,0.0,0.0
2017-06-20 00:00:00-04:00,3.9262283243721168,3.99313441282179,3.8741355006386327,3.8783323764801025,1095444000,0.0,0.0
2017-06-21 00:00:00-04:00,3.9059829007187394,3.940793771140397,3.844014423293209,3.9370903968811035,682652000,0.0,0.0
2017-06-22 00:00:00-04:00,3.9452379379336686,3.9585699921218,3.8859853578814496,3.90993332862854,469132000,0.0,0.0
2017-06-23 00:00:00-04:00,3.9175868911805813,3.933387626538738,3.7827870221696007,3.797847270965576,1088588000,0.0,0.0
2017-06-26 00:00:00-04:00,3.8306831422364307,3.866234739580205,3.662060099547122,3.7563705444335938,1063960000,0.0,0.0
2017-06-27 00:00:00-04:00,3.7388416110561082,3.747482583416352,3.6131766799124816,3.6188549995422363,999492000,0.0,0.0
2017-06-28 00:00:00-04:00,3.6865012351518933,3.7511853781086155,3.598362859809443,3.7464945316314697,994948000,0.0,0.0
2017-06-29 00:00:00-04:00,3.7181031827990707,3.7210656000053546,3.5571334088160396,3.621323823928833,1064424000,0.0,0.0
2017-06-30 00:00:00-04:00,3.638605537619662,3.652184341807676,3.542813892670972,3.568983793258667,731060000,0.0,0.0
2017-07-03 00:00:00-04:00,3.5810806592532054,3.5958936840968163,3.4213453756656746,3.43986177444458,709072000,0.0,0.0
2017-07-05 00:00:00-04:00,3.503312355902184,3.560589996501124,3.48430221613173,3.5317044258117676,820188000,0.0,0.0
2017-07-06 00:00:00-04:00,3.502571778430385,3.5892287236995033,3.4504787227564484,3.5423202514648438,746284000,0.0,0.0
2017-07-07 00:00:00-04:00,3.599104634332078,3.6415690153897278,3.57614413136859,3.6232993602752686,654972000,0.0,0.0
2017-07-10 00:00:00-04:00,3.6968713140861973,3.8020446716778977,3.670701408753094,3.794638156890869,958492000,0.0,0.0
2017-07-11 00:00:00-04:00,3.7983408955600066,3.85611226629594,3.756370259717998,3.848458766937256,757956000,0.0,0.0
2017-07-12 00:00:00-04:00,3.9082056681992845,4.024241927792125,3.8652475535649624,4.012144565582275,1145208000,0.0,0.0
2017-07-13 00:00:00-04:00,4.0242418162841975,4.105714181591375,3.919315449307486,3.9657299518585205,1369132000,0.0,0.0
2017-07-14 00:00:00-04:00,3.9820233457376686,4.0738648534756745,3.9751105693970428,4.072383880615234,941948000,0.0,0.0
2017-07-17 00:00:00-04:00,4.106454198489569,4.135340000150962,3.993380378950912,4.0551018714904785,930792000,0.0,0.0
2017-07-18 00:00:00-04:00,3.9941195859973315,4.1118844429365975,3.9822689810465,4.097318172454834,776640000,0.0,0.0
2017-07-19 00:00:00-04:00,4.1064552106510135,4.13287210261436,4.063991065718328,4.0760884284973145,687044000,0.0,0.0
2017-07-20 00:00:00-04:00,4.096578743804634,4.1355864872744155,4.046707863884903,4.135339736938477,699596000,0.0,0.0
2017-07-21 00:00:00-04:00,4.114848079090561,4.179779204421648,4.100528554620027,4.150152683258057,648332000,0.0,0.0
2017-07-24 00:00:00-04:00,4.157314869087518,4.1669433169468935,4.091396236838543,4.1020121574401855,652524000,0.0,0.0
2017-07-25 00:00:00-04:00,4.079050969622971,4.0965801382909435,4.038561768559754,4.082260608673096,496556000,0.0,0.0
2017-07-26 00:00:00-04:00,4.139784679676103,4.195334128127012,4.094604398816335,4.129415512084961,640404000,0.0,0.0
2017-07-27 00:00:00-04:00,4.154351042096853,4.165954903718957,3.889936085961746,3.9931344985961914,782856000,0.0,0.0
2017-07-28 00:00:00-04:00,3.957335713812673,4.083000885831656,3.9324005035312357,4.058558940887451,513348000,0.0,0.0
2017-07-31 00:00:00-04:00,4.072137875829814,4.108183212058507,3.9654833113442844,4.012144565582275,559672000,0.0,0.0
2017-08-01 00:00:00-04:00,4.002762887794391,4.0627561983015115,3.9748650236503122,4.061028003692627,431384000,0.0,0.0
2017-08-02 00:00:00-04:00,4.092135830248814,4.096085720128248,3.9815309083638373,4.058558940887451,478444000,0.0,0.0
2017-08-03 00:00:00-04:00,4.058065857242258,4.113862060155136,4.0410306604174355,4.110158920288086,442420000,0.0,0.0
2017-08-04 00:00:00-04:00,4.132871115049853,4.198789718551632,4.110157839189547,4.128180503845215,589096000,0.0,0.0
2017-08-07 00:00:00-04:00,4.157312926967125,4.255573246938015,4.147684012708143,4.255079746246338,717412000,0.0,0.0
2017-08-08 00:00:00-04:00,4.293101589825642,4.309642816103705,4.16521470014469,4.204469680786133,755336000,0.0,0.0
2017-08-09 00:00:00-04:00,4.1583005226083465,4.251623483942954,4.139537136020637,4.249154567718506,530784000,0.0,0.0
2017-08-10 00:00:00-04:00,4.250389765990573,4.262734349946315,4.057078243131177,4.067200660705566,1328088000,0.0,0.0
2017-08-11 00:00:00-04:00,3.879566620993848,3.9254873859096984,3.7751339934340216,3.8504340648651123,1497196000,0.0,0.0
2017-08-14 00:00:00-04:00,3.942028378932659,4.1612630106247055,3.9304247550181044,4.157559871673584,1279020000,0.0,0.0
2017-08-15 00:00:00-04:00,4.162743807475903,4.188913468218375,4.0881842430454265,4.122501373291016,764532000,0.0,0.0
2017-08-16 00:00:00-04:00,4.137562531072793,4.161016530784072,4.044980284094754,4.077322006225586,596632000,0.0,0.0
2017-08-17 00:00:00-04:00,4.0689291110958,4.085963837499192,3.9842470963384162,3.98646879196167,525444000,0.0,0.0
2017-08-18 00:00:00-04:00,4.040782859822077,4.057818052219547,3.9412876074759677,3.987208366394043,601204000,0.0,0.0
2017-08-21 00:00:00-04:00,4.011650703775322,4.023007342862921,3.8852450525003275,3.9291906356811523,623672000,0.0,0.0
2017-08-22 00:00:00-04:00,3.965761372560483,4.022595026523247,3.9464872954538515,4.016664505004883,450456000,0.0035,0.0
2017-08-23 00:00:00-04:00,3.983307498154362,4.108094522901125,3.9746584444987514,4.096974849700928,579520000,0.0,0.0
2017-08-24 00:00:00-04:00,4.129097339409321,4.133545584932627,4.055460918999834,4.081900596618652,469700000,0.0,0.0
2017-08-25 00:00:00-04:00,4.106116952892922,4.116248281827089,4.041375611819562,4.047800540924072,357200000,0.0,0.0
2017-08-28 00:00:00-04:00,4.066826302801743,4.079675686175022,4.011227964041192,4.076463222503662,389496000,0.0,0.0
2017-08-29 00:00:00-04:00,4.0176538223725915,4.091537676061606,4.009499177519073,4.0697922706604,324096000,0.0,0.0
2017-08-30 00:00:00-04:00,4.089558771949497,4.105126680801077,4.059165270750263,4.0940070152282715,384400000,0.0,0.0
2017-08-31 00:00:00-04:00,4.114271141594525,4.190873056661058,4.106858341908522,4.186919689178467,612684000,0.0,0.0
2017-09-01 00:00:00-04:00,4.199521448003297,4.247706523633182,4.190872397542756,4.212123394012451,445432000,0.0,0.0
2017-09-05 00:00:00-04:00,4.160725367565706,4.165667546875775,4.041621956853304,4.099690914154053,695364000,0.0,0.0
2017-09-06 00:00:00-04:00,4.1325575457657315,4.146395276019124,4.062380081212953,4.097221374511719,397672000,0.0,0.0
2017-09-07 00:00:00-04:00,4.114024484774289,4.14861880942205,4.07597072766175,4.116248607635498,352868000,0.0,0.0
2017-09-08 00:00:00-04:00,4.1046342517521675,4.119460322553987,4.020619065021366,4.044835090637207,498856000,0.0,0.0
2017-09-11 00:00:00-04:00,4.090549854975952,4.186673061559361,4.085113267277422,4.176047325134277,567444000,0.0,0.0
2017-09-12 00:00:00-04:00,4.200755635483543,4.200755635483543,4.125883468289258,4.1911187171936035,411488000,0.0,0.0
2017-09-13 00:00:00-04:00,4.1659151595104325,4.238810666028746,4.133544964035152,4.20989990234375,580960000,0.0,0.0
2017-09-14 00:00:00-04:00,4.170857221503017,4.264015380905409,4.146394232053506,4.1859307289123535,513712000,0.0,0.0
2017-09-15 00:00:00-04:00,4.271428195559547,4.450578212738037,4.266239048001517,4.450578212738037,1364792000,0.0,0.0
2017-09-18 00:00:00-04:00,4.574871068433442,4.724615909916802,4.567952205309186,4.634422779083252,1684460000,0.0,0.0
2017-09-19 00:00:00-04:00,4.5840133520913415,4.69125618541217,4.562020985491842,4.629480361938477,874280000,0.0,0.0
2017-09-20 00:00:00-04:00,4.63318613235177,4.680629818838681,4.551889042797379,4.592166900634766,724920000,0.0,0.0
2017-09-21 00:00:00-04:00,4.488385885529464,4.514579067439254,4.388803249103814,4.466640949249268,1075600000,0.0,0.0
2017-09-22 00:00:00-04:00,4.455271842188031,4.504939649061263,4.413264270128246,4.423148155212402,491232000,0.0,0.0
2017-09-25 00:00:00-04:00,4.392262266555475,4.3934980473288325,4.204711089490155,4.225467681884766,874580000,0.0,0.0
2017-09-26 00:00:00-04:00,4.360139115201983,4.415243061623805,4.209405907353259,4.249189376831055,1125620000,0.0,0.0
2017-09-27 00:00:00-04:00,4.339629087419258,4.355690937088015,4.268710264052743,4.342347145080566,713720000,0.0,0.0
2017-09-28 00:00:00-04:00,4.349513278018833,4.353467116635514,4.293667958689717,4.34111213684082,435244000,0.0,0.0
2017-09-29 00:00:00-04:00,4.425126400337407,4.441187776473258,4.379906354168201,4.417466163635254,619092000,0.0,0.0
2017-10-02 00:00:00-04:00,4.46762681637124,4.496785007903184,4.373727787167514,4.423148155212402,503480000,0.0,0.0
2017-10-03 00:00:00-04:00,4.4293274415840935,4.4621925157710844,4.388061226622081,4.432292938232422,390332000,0.0,0.0
2017-10-04 00:00:00-04:00,4.43847099776742,4.491598263520205,4.4018995193862045,4.469358921051025,427848000,0.0,0.0
2017-10-05 00:00:00-04:00,4.493821547858781,4.497280979539109,4.436987421423404,4.4668869972229,437364000,0.0,0.0
2017-10-06 00:00:00-04:00,4.439212468905507,4.493328077744909,4.423150616480055,4.479984283447266,318800000,0.0,0.0
2017-10-09 00:00:00-04:00,4.51680109662735,4.614160046581783,4.498021192866473,4.581048011779785,563492000,0.0,0.0
2017-10-10 00:00:00-04:00,4.730299146558308,4.767858959777782,4.627257099118826,4.66852331161499,974876000,0.0,0.0
2017-10-11 00:00:00-04:00,4.685080053928779,4.719674849063674,4.63911909103768,4.718192100524902,529508000,0.0,0.0
2017-10-12 00:00:00-04:00,4.721649470716706,4.771317283262212,4.693232649800362,4.720414161682129,528292000,0.0,0.0
2017-10-13 00:00:00-04:00,4.782684696635402,4.8185147915335245,4.735735404678054,4.808383464813232,628728000,0.0,0.0
2017-10-16 00:00:00-04:00,4.8382839686308765,4.8938823211764655,4.775025377676239,4.89091682434082,576640000,0.0,0.0
2017-10-17 00:00:00-04:00,4.87015864347706,4.914884278559753,4.851873147098886,4.886467456817627,478596000,0.0,0.0
2017-10-18 00:00:00-04:00,4.895364776685337,4.896105679537642,4.777002246843906,4.882267951965332,567316000,0.0,0.0
2017-10-19 00:00:00-04:00,4.804678475959673,4.892647035786301,4.755505047370838,4.887705326080322,570772000,0.0,0.0
2017-10-20 00:00:00-04:00,4.904755176126276,4.931936227192882,4.856569621551246,4.8654656410217285,451620000,0.0,0.0
2017-10-23 00:00:00-04:00,4.887210053484048,4.913650198803454,4.838283601221757,4.858546257019043,428696000,0.0,0.0
2017-10-24 00:00:00-04:00,4.867688009225703,4.911178339304918,4.841742274510333,4.909448623657227,407244000,0.0,0.0
2017-10-25 00:00:00-04:00,4.8699133195794735,4.922793614836243,4.723875324191933,4.785403728485107,828160000,0.0,0.0
2017-10-26 00:00:00-04:00,4.813077836105211,4.847177738017479,4.789108787831513,4.835564136505127,322744000,0.0,0.0
2017-10-27 00:00:00-04:00,4.887705464761543,4.988276447644695,4.861759249335433,4.988029479980469,572192000,0.0,0.0
2017-10-30 00:00:00-04:00,4.988027483351085,5.0925517922717445,4.972212604236708,5.036953926086426,504056000,0.0,0.0
2017-10-31 00:00:00-04:00,5.068831700367828,5.137032002517798,5.0631481454752105,5.110344886779785,411908000,0.0,0.0
2017-11-01 00:00:00-04:00,5.173107583778175,5.188428056632854,5.055733419060567,5.119980335235596,502576000,0.0,0.0
2017-11-02 00:00:00-04:00,5.09032847794237,5.135054118461308,5.032259047017386,5.088845729827881,342308000,0.0,0.0
2017-11-03 00:00:00-04:00,5.119980404965196,5.156798839569092,5.074019457087365,5.156798839569092,353640000,0.0,0.0
2017-11-06 00:00:00-05:00,5.119981361900476,5.1886760646408,5.10762638263683,5.180027484893799,389944000,0.0,0.0
2017-11-07 00:00:00-05:00,5.202760723274321,5.26083015703168,5.190652712810499,5.2393317222595215,427700000,0.0,0.0
2017-11-08 00:00:00-05:00,5.234884216215616,5.238591086871855,5.120969936478786,5.1684136390686035,522988000,0.0,0.0
2017-11-09 00:00:00-05:00,5.072290596230377,5.098483302607678,4.951210010686142,5.073525905609131,978564000,0.0,0.0
2017-11-10 00:00:00-05:00,5.265277333808658,5.4034080843228125,5.229447241663635,5.340890884399414,1253256000,0.0,0.0
2017-11-13 00:00:00-05:00,5.340890759257899,5.3663420859868465,5.238837070845729,5.254157543182373,582376000,0.0,0.0
2017-11-14 00:00:00-05:00,5.263301284420636,5.307779963827318,5.219563979179031,5.292459487915039,529292000,0.0,0.0
2017-11-15 00:00:00-05:00,5.237356326838771,5.238592107735747,5.1348086640687,5.188676834106445,501948000,0.0,0.0
2017-11-16 00:00:00-05:00,5.2628072538375354,5.292953798568452,5.220058291153115,5.228953838348389,441768000,0.0,0.0
2017-11-17 00:00:00-05:00,5.286034517196386,5.3213702068843345,5.207702900608452,5.222775936126709,515664000,0.0,0.0
2017-11-20 00:00:00-05:00,5.238343066881908,5.302096050662824,5.201524631195589,5.289988040924072,396100000,0.0,0.0
2017-11-21 00:00:00-05:00,5.329773274319522,5.350282901686202,5.297897007482251,5.3386688232421875,399176000,0.0,0.0
2017-11-22 00:00:00-05:00,5.365867635602309,5.365867635602309,5.282041237867735,5.314681529998779,356640000,0.00375,0.0
2017-11-24 00:00:00-05:00,5.331002191606526,5.365868154516297,5.30652173432101,5.3648786544799805,180752000,0.0,0.0
2017-11-27 00:00:00-05:00,5.373533936052745,5.37477010368968,5.291932722824228,5.29514741897583,422896000,0.0,0.0
2017-11-28 00:00:00-05:00,5.300340106463122,5.309736583962597,5.149255048882335,5.210331916809082,512752000,0.0,0.0
2017-11-29 00:00:00-05:00,5.1930220925184525,5.195742038258561,4.728639582547047,4.856975555419922,1396788000,0.0,0.0
2017-11-30 00:00:00-05:00,4.925718740855473,5.011770347821256,4.862663814134601,4.963057041168213,823768000,0.0,0.0
2017-12-01 00:00:00-05:00,4.928439388908268,4.948716125877697,4.759303236256205,4.888133525848389,811548000,0.0,0.0
2017-12-04 00:00:00-05:00,4.946736333056461,4.952918585575101,4.562224091363301,4.615635395050049,1240844000,0.0,0.0
2017-12-05 00:00:00-05:00,4.5102966451246544,4.764990104540665,4.465292784324947,4.642341613769531,981488000,0.0,0.0
2017-12-06 00:00:00-05:00,4.591899087565734,4.701689305630011,4.5706333169702456,4.679929256439209,467032000,0.0,0.0
2017-12-07 00:00:00-05:00,4.746691296339431,4.787244763750005,4.701192686741941,4.747433185577393,542600000,0.0,0.0
2017-12-08 00:00:00-05:00,4.797383272862981,4.816423841368,4.7266627783234965,4.73507022857666,466876000,0.0,0.0
2017-12-11 00:00:00-05:00,4.749165429397048,4.81642456995701,4.733340026700484,4.813457012176514,372748000,0.0,0.0
2017-12-12 00:00:00-05:00,4.7699350153313596,4.793178831563081,4.695505092572108,4.718996047973633,455016000,0.0,0.0
2017-12-13 00:00:00-05:00,4.760044250221848,4.761280417830315,4.596348020775363,4.603766441345215,554280000,0.0,0.0
2017-12-14 00:00:00-05:00,4.597336917029686,4.681905211192046,4.564696622084144,4.610937118530273,438164000,0.0,0.0
2017-12-15 00:00:00-05:00,4.654952787592622,4.75707740488683,4.589919331738894,4.736800670623779,670036000,0.0,0.0
2017-12-18 00:00:00-05:00,4.777353247603367,4.896539892444986,4.74768050971496,4.893572807312012,477704000,0.0,0.0
2017-12-19 00:00:00-05:00,4.884176360558587,4.889369113303249,4.82087382759918,4.849310398101807,373100000,0.0,0.0
2017-12-20 00:00:00-05:00,4.888625938305906,4.897774802179417,4.810734195983282,4.866371154785156,288820000,0.0,0.0
2017-12-21 00:00:00-05:00,4.8698348836336764,4.89480962212073,4.835463666856864,4.843871116638184,300904000,0.0,0.0
2017-12-22 00:00:00-05:00,4.807026946096393,4.837936326330686,4.729135175846854,4.828539848327637,466276000,0.0,0.0
2017-12-26 00:00:00-05:00,4.773148178512935,4.88986198370839,4.743227838229926,4.882196426391602,355080000,0.0,0.0
2017-12-27 00:00:00-05:00,4.868845599859197,4.944758839848784,4.854256368935231,4.875521659851074,329488000,0.0,0.0
2017-12-28 00:00:00-05:00,4.899260919194776,4.930170303103768,4.875028067857435,4.881209850311279,240248000,0.0,0.0
2017-12-29 00:00:00-05:00,4.907420894736722,4.907420894736722,4.7847723960876465,4.7847723960876465,279964000,0.0,0.0
2018-01-02 00:00:00-05:00,4.841150350670441,4.93313706993842,4.809499554116802,4.929427623748779,355616000,0.0,0.0
2018-01-03 00:00:00-05:00,5.046883656910983,5.284267946595606,5.038229068022245,5.253852844238281,914704000,0.0,0.0
2018-01-04 00:00:00-05:00,5.335205987634807,5.391831990949807,5.259292279587528,5.2815470695495605,583268000,0.0,0.0
2018-01-05 00:00:00-05:00,5.296383136738964,5.363641775182718,5.2194804115183695,5.326303482055664,580124000,0.0,0.0
2018-01-08 00:00:00-05:00,5.449942748180263,5.563689053554739,5.404938410176109,5.489506721496582,881216000,0.0,0.0
2018-01-09 00:00:00-05:00,5.494945043517642,5.534509005522464,5.40642064315888,5.488021373748779,497000000,0.0,0.0
2018-01-10 00:00:00-05:00,5.395541023006058,5.534509656336437,5.341140686762291,5.531047821044922,582664000,0.0,0.0
2018-01-11 00:00:00-05:00,5.563687443214928,5.59509156786961,5.5194250073721305,5.540938377380371,406032000,0.0,0.0
2018-01-12 00:00:00-05:00,5.5290697517843315,5.56344096542708,5.4731856372155345,5.513738632202148,359916000,0.0,0.0
2018-01-16 00:00:00-05:00,5.540197089718123,5.62575394251092,5.358202656724877,5.442770481109619,702348000,0.0,0.0
2018-01-17 00:00:00-05:00,5.457358996580982,5.566654403411684,5.363394707166462,5.556763648986816,538408000,0.0,0.0
2018-01-18 00:00:00-05:00,5.537477368206907,5.604241746360774,5.506320847057665,5.549841403961182,408632000,0.0,0.0
2018-01-19 00:00:00-05:00,5.6400954134999735,5.714277723985604,5.613142623694635,5.69004487991333,609380000,0.0,0.0
2018-01-22 00:00:00-05:00,5.697957990604967,5.7803006158928305,5.640342961149676,5.77856969833374,550944000,0.0,0.0
2018-01-23 00:00:00-05:00,5.831981514049555,5.93039715599044,5.813436169281299,5.907648086547852,475228000,0.0,0.0
2018-01-24 00:00:00-05:00,5.910862183187626,5.946717175925777,5.775108243804384,5.830745220184326,579972000,0.0,0.0
2018-01-25 00:00:00-05:00,5.885145705557327,5.928419120116247,5.829509199415394,5.844345569610596,409884000,0.0,0.0
2018-01-26 00:00:00-05:00,5.888112717886717,6.017190117087749,5.875254405803108,6.016942977905273,516356000,0.0,0.0
2018-01-29 00:00:00-05:00,6.0023540170610215,6.135140868143911,5.949684598815924,6.1039838790893555,455116000,0.0,0.0
2018-01-30 00:00:00-05:00,5.962048556692113,6.093351638038892,5.895284182114487,6.001859664916992,570832000,0.0,0.0
2018-01-31 00:00:00-05:00,6.0772786833861305,6.16382504325658,6.044638385070621,6.0780205726623535,478576000,0.0,0.0
2018-02-01 00:00:00-05:00,5.898003346539769,6.105220113800898,5.886628813074644,5.946963787078857,519224000,0.0,0.0
2018-02-02 00:00:00-05:00,5.8604194239309475,5.884405136218074,5.716258010967228,5.774367332458496,718464000,0.0,0.0
2018-02-05 00:00:00-05:00,5.613144198827239,5.767196365298534,5.069138863811118,5.284268379211426,1165204000,0.0,0.0
2018-02-06 00:00:00-05:00,5.054302899253458,5.580998625886736,5.044411669408049,5.578031539916992,1114800000,0.0,0.0
2018-02-07 00:00:00-05:00,5.676939125951999,5.8102202328607175,5.605723904173239,5.657651424407959,802932000,0.0,0.0
2018-02-08 00:00:00-05:00,5.783269364840672,5.816403944476759,5.378479825192144,5.378727436065674,1144000000,0.0,0.0
2018-02-09 00:00:00-05:00,5.891327880361345,5.907153278806874,5.37872674561961,5.7387590408325195,1674604000,0.0,0.0
2018-02-12 00:00:00-05:00,5.819865306788081,5.822832863910914,5.5644304220776455,5.638612747192383,1093172000,0.0,0.0
2018-02-13 00:00:00-05:00,5.602262889436737,5.798599410097212,5.569869733517109,5.752358913421631,625524000,0.0,0.0
2018-02-14 00:00:00-05:00,5.712053157758772,5.998645009128932,5.700925762795593,5.9697136878967285,744988000,0.0,0.0
2018-02-15 00:00:00-05:00,6.053044425212608,6.141568821446678,5.972185587528272,6.095328330993652,698900000,0.0,0.0
2018-02-16 00:00:00-05:00,6.068129304699802,6.181875589153176,6.020405028949434,6.02955436706543,637656000,0.0,0.0
2018-02-20 00:00:00-05:00,6.052056061086709,6.228115844616961,6.048346615162287,6.159126281738281,686240000,0.0,0.0
2018-02-21 00:00:00-05:00,6.223664461285995,6.230588130913704,5.968229159264793,5.971938133239746,892292000,0.0,0.0
2018-02-22 00:00:00-05:00,6.005837076986369,6.077591155351202,5.9259176173552595,5.991486072540283,534364000,0.00375,0.0
2018-02-23 00:00:00-05:00,6.051364592317765,6.085014820098877,6.000641721867909,6.085014820098877,415300000,0.0,0.0
2018-02-26 00:00:00-05:00,6.1312833440926235,6.135736973848416,6.038744874554123,6.101097106933594,469312000,0.0,0.0
2018-02-27 00:00:00-05:00,6.074374667387011,6.1587482316242195,6.065220114666263,6.088231086730957,455436000,0.0,0.0
2018-02-28 00:00:00-05:00,6.099117483012778,6.138706038052632,5.97614548082779,5.987774848937988,523116000,0.0,0.0
2018-03-01 00:00:00-05:00,5.9855477202076,6.0394872791261225,5.644343612231053,5.745542049407959,1040120000,0.0,0.0
2018-03-02 00:00:00-05:00,5.637909720633536,5.859111209413278,5.489205125699246,5.852677822113037,913428000,0.0,0.0
2018-03-05 00:00:00-05:00,5.8024505308955785,5.87024603662688,5.678983472948252,5.830657482147217,620776000,0.0,0.0
2018-03-06 00:00:00-05:00,5.9160185428270085,6.011031329894286,5.8729660137921575,5.991731643676758,636808000,0.0,0.0
2018-03-07 00:00:00-05:00,5.888802856896069,6.0360232350747856,5.887565921049508,5.983815670013428,581208000,0.0,0.0
2018-03-08 00:00:00-05:00,6.011279838993567,6.011279838993567,5.923195005582265,5.967484951019287,411912000,0.0,0.0
2018-03-09 00:00:00-05:00,6.014992001688391,6.0830348047433365,5.998909474812033,6.070168972015381,505524000,0.0,0.0
2018-03-12 00:00:00-04:00,6.111489906265453,6.259946768820195,6.1033245239811995,6.179780006408691,605060000,0.0,0.0
2018-03-13 00:00:00-04:00,6.222584084642584,6.297060266597797,6.0877354314857275,6.129055976867676,619772000,0.0,0.0
2018-03-14 00:00:00-04:00,6.172107283778381,6.199324584907946,6.092187845233051,6.154540061950684,505496000,0.0,0.0
2018-03-15 00:00:00-04:00,6.168151358152933,6.25054470311132,6.12732538894755,6.169388294219971,401952000,0.0,0.0
2018-03-16 00:00:00-04:00,6.185717981055356,6.2166465709606324,6.148108710017586,6.19759464263916,399456000,0.0,0.0
2018-03-19 00:00:00-04:00,6.1406866595544685,6.169635493640484,5.864061320957867,5.9630327224731445,713772000,0.0,0.0
2018-03-20 00:00:00-04:00,5.96600101298695,6.2141720765561415,5.96600101298695,6.175325870513916,554696000,0.0,0.0
2018-03-21 00:00:00-04:00,6.168891516754461,6.2352027866223585,6.11965335776843,6.150087356567383,438688000,0.0,0.0
2018-03-22 00:00:00-04:00,6.086746288462936,6.133262817434952,5.946701644033227,5.984063148498535,551196000,0.0,0.0
2018-03-23 00:00:00-04:00,5.997671586317524,6.0001459299308735,5.753212289285179,5.764346599578857,735620000,0.0,0.0
2018-03-26 00:00:00-04:00,5.888802204899513,6.050373097513809,5.836842410306587,6.049136161804199,611424000,0.0,0.0
2018-03-27 00:00:00-04:00,6.1300451945714425,6.18571673961452,5.439719451835484,5.580011367797852,1409000000,0.0,0.0
2018-03-28 00:00:00-04:00,5.54562089362775,5.675768192711314,5.369204347887487,5.47683572769165,945904000,0.0,0.0
2018-03-29 00:00:00-04:00,5.5451243087033655,5.826945577141952,5.460751221889714,5.730201244354248,916628000,0.0,0.0
2018-04-02 00:00:00-04:00,5.659683801729473,5.805914054467844,5.38157382755221,5.4694108963012695,922092000,0.0,0.0
2018-04-03 00:00:00-04:00,5.63642590264016,5.699520012893588,5.476834279384188,5.5758056640625,667432000,0.0,0.0
2018-04-04 00:00:00-04:00,5.319963806920409,5.608218439913181,5.294973552267683,5.5978264808654785,789168000,0.0,0.0
2018-04-05 00:00:00-04:00,5.656220778298228,5.669334376072168,5.406070417767556,5.477577209472656,701240000,0.0,0.0
2018-04-06 00:00:00-04:00,5.3748941799192975,5.483020602562584,5.271963737937615,5.3011603355407715,662988000,0.0,0.0
2018-04-09 00:00:00-04:00,5.364255174463649,5.4921758825003595,5.3098205494667425,5.329862594604492,499524000,0.0,0.0
2018-04-10 00:00:00-04:00,5.560217470287627,5.666116823463304,5.503061220984124,5.6391472816467285,761676000,0.0,0.0
2018-04-11 00:00:00-04:00,5.624301435934375,5.66562197936674,5.565165903306199,5.5978264808654785,460244000,0.0,0.0
2018-04-12 00:00:00-04:00,5.690860035402213,5.8224920003705565,5.646570087179064,5.8046770095825195,593920000,0.0,0.0
2018-04-13 00:00:00-04:00,5.868267327617842,5.87668000313358,5.679726838598095,5.727975368499756,503036000,0.0,0.0
2018-04-16 00:00:00-04:00,5.734654432224151,5.761129387379061,5.633456005626743,5.727726459503174,350792000,0.0,0.0
2018-04-17 00:00:00-04:00,5.779934223272101,5.898699878616189,5.724262674850572,5.877420902252197,447224000,0.0,0.0
2018-04-18 00:00:00-04:00,5.826945372265562,5.919731129606942,5.759397635407083,5.848471641540527,391364000,0.0,0.0
2018-04-19 00:00:00-04:00,5.734159299208209,5.767562226643912,5.61168237054337,5.6671061515808105,471996000,0.0,0.0
2018-04-20 00:00:00-04:00,5.658447641860259,5.7428207427732625,5.627766814576442,5.658942699432373,386200000,0.0,0.0
2018-04-23 00:00:00-04:00,5.676756473969848,5.7279739206725395,5.513453580841575,5.539433479309082,427508000,0.0,0.0
2018-04-24 00:00:00-04:00,5.565167455876372,5.661169457471036,5.40780285391034,5.473124027252197,414596000,0.0,0.0
2018-04-25 00:00:00-04:00,5.4434323154469,5.482526290700178,5.203426605979848,5.360791206359863,588492000,0.0,0.0
2018-04-26 00:00:00-04:00,5.52260793460999,5.580753824086265,5.456544429493957,5.5725884437561035,375824000,0.0,0.0
2018-04-27 00:00:00-04:00,5.678489986695154,5.698284267767021,5.557744541803738,5.600054740905762,400848000,0.0,0.0
2018-04-30 00:00:00-04:00,5.616384506398466,5.666117733200139,5.545372771597006,5.564671993255615,327844000,0.0,0.0
2018-05-01 00:00:00-04:00,5.556506560750636,5.6228173662743375,5.497865607061131,5.620095729827881,253788000,0.0,0.0
2018-05-02 00:00:00-04:00,5.616631470335047,5.661168238258703,5.5733311662822835,5.5995588302612305,268248000,0.0,0.0
2018-05-03 00:00:00-04:00,5.631478054953076,5.791069702000668,5.586198456838597,5.7648420333862305,443144000,0.0,0.0
2018-05-04 00:00:00-04:00,5.7361396367603525,5.918247173315087,5.718819703435765,5.915030479431152,400660000,0.0,0.0
2018-05-07 00:00:00-04:00,6.019692668190217,6.210212871239366,6.009795294141174,6.153056621551514,687616000,0.0,0.0
2018-05-08 00:00:00-04:00,6.153304152573014,6.198336451147336,6.1043132817720185,6.195614814758301,506616000,0.0,0.0
2018-05-09 00:00:00-04:00,6.215657371645251,6.3309590648831895,6.1884400595666555,6.328732013702393,596760000,0.0,0.0
2018-05-10 00:00:00-04:00,6.381679890264161,6.445516340444918,6.363864902330214,6.436361789703369,994080000,0.0,0.0
2018-05-11 00:00:00-04:00,6.25450214121984,6.427949698711481,6.199078358543734,6.297801971435547,1214456000,0.0,0.0
2018-05-14 00:00:00-04:00,6.335907046708863,6.395784937834864,6.294586497555912,6.3183393478393555,523140000,0.0,0.0
2018-05-15 00:00:00-04:00,6.254750404293868,6.257472512843502,5.975403453044247,6.075859546661377,963528000,0.0,0.0
2018-05-16 00:00:00-04:00,6.037261889226544,6.149099610125084,6.000394960993235,6.0869951248168945,553828000,0.0,0.0
2018-05-17 00:00:00-04:00,6.088725074498952,6.222831377412699,6.072642077718933,6.129055976867676,519784000,0.0,0.0
2018-05-18 00:00:00-04:00,6.181017476137692,6.2443588889801065,6.080313610600602,6.085262298583984,483716000,0.0,0.0
2018-05-21 00:00:00-04:00,6.182750105519489,6.186461385922231,5.950414230489902,6.0432000160217285,640624000,0.0,0.0
2018-05-22 00:00:00-04:00,6.056561184726141,6.0817987401279705,5.944475706471924,6.005095958709717,518264000,0.0,0.0
2018-05-23 00:00:00-04:00,5.948893504525247,6.129875963718784,5.948150695146866,6.128637790679932,442956000,0.00375,0.0
2018-05-24 00:00:00-04:00,6.124923296574117,6.174687267433492,6.071693197285714,6.132350444793701,437372000,0.0,0.0
2018-05-25 00:00:00-04:00,6.144978864263325,6.188058035206896,6.1093273157056025,6.171717643737793,292112000,0.0,0.0
2018-05-29 00:00:00-04:00,6.15364231345446,6.222717905598561,6.107839836586376,6.154632568359375,352684000,0.0,0.0
2018-05-30 00:00:00-04:00,6.188305250231472,6.272235154201632,6.1635469839823696,6.2635698318481445,390996000,0.0,0.0
2018-05-31 00:00:00-04:00,6.231632471164242,6.318286175394495,6.220986637582045,6.2437639236450195,493868000,0.0,0.0
2018-06-01 00:00:00-04:00,6.2885746521606025,6.3843890203474825,6.279909331035767,6.378199100494385,421968000,0.0,0.0
2018-06-04 00:00:00-04:00,6.412366313736455,6.579236336488772,6.380180898617091,6.557201862335205,642024000,0.0,0.0
2018-06-05 00:00:00-04:00,6.560419868326753,6.6002808215782345,6.515607639828659,6.562648296356201,391712000,0.0,0.0
2018-06-06 00:00:00-04:00,6.472529213518326,6.567848238194199,6.456188822780311,6.564629554748535,371356000,0.0,0.0
2018-06-07 00:00:00-04:00,6.560914022254964,6.572798025104907,6.4185543781652745,6.508922100067139,369448000,0.0,0.0
2018-06-08 00:00:00-04:00,6.43613461832035,6.536157469361578,6.417318354262653,6.4935736656188965,360456000,0.0,0.0
2018-06-11 00:00:00-04:00,6.480945955158454,6.522539498031053,6.4395998579768765,6.452474117279053,265372000,0.0,0.0
2018-06-12 00:00:00-04:00,6.478965455370088,6.5131313775443385,6.428706118762056,6.500999927520752,319160000,0.0,0.0
2018-06-13 00:00:00-04:00,6.502487318574585,6.57750446706088,6.487384627238943,6.496545314788818,338208000,0.0,0.0
2018-06-14 00:00:00-04:00,6.541604626101614,6.664900126229603,6.526749382443074,6.608203887939453,430016000,0.0,0.0
2018-06-15 00:00:00-04:00,6.551012381276651,6.622315946311105,6.5200646648747975,6.567352771759033,432260000,0.0,0.0
2018-06-18 00:00:00-04:00,6.523281354662588,6.5807203856395855,6.49604769366473,6.5631422996521,356268000,0.0,0.0
2018-06-19 00:00:00-04:00,6.459902116741175,6.527244659313467,6.313829333838904,6.441333770751953,594932000,0.0,0.0
2018-06-20 00:00:00-04:00,6.482432095803678,6.547298288920475,6.44405676049769,6.494316101074219,369780000,0.0,0.0
2018-06-21 00:00:00-04:00,6.526253487451147,6.544574385143214,6.357897863006337,6.365572929382324,359516000,0.0,0.0
2018-06-22 00:00:00-04:00,6.386369656755711,6.399739279455761,6.197712625955044,6.213062286376953,434160000,0.0,0.0
2018-06-25 00:00:00-04:00,6.106602725316786,6.110316299624727,5.831539447444642,5.920173645019531,665816000,0.0,0.0
2018-06-26 00:00:00-04:00,6.033567321245977,6.081845685867541,5.939733439633897,5.991230487823486,478884000,0.0,0.0
2018-06-27 00:00:00-04:00,6.03480413800863,6.101155948923864,5.830549039832331,5.835996150970459,453892000,0.0,0.0
2018-06-28 00:00:00-04:00,5.8260934776562925,5.975137981696994,5.81841840961866,5.963253974914551,338012000,0.0,0.0
2018-06-29 00:00:00-04:00,6.0283679498629965,6.040994293570312,5.863973313684513,5.865211486816406,392300000,0.0,0.0
2018-07-02 00:00:00-04:00,5.795641060288909,6.001133885968887,5.775091730498442,5.997420310974121,357572000,0.0,0.0
2018-07-03 00:00:00-04:00,6.032080822658521,6.038022825215759,5.855307309086149,5.863725185394287,222732000,0.0,0.0
2018-07-05 00:00:00-04:00,5.918935862501563,6.01450232360777,5.880065635877546,6.009551048278809,306216000,0.0,0.0
2018-07-06 00:00:00-04:00,5.985040645286968,6.131856712126516,5.963748507103263,6.123438835144043,296352000,0.0,0.0
2018-07-09 00:00:00-04:00,6.197712545988932,6.207368122134057,6.092242600995287,6.170973300933838,303880000,0.0,0.0
2018-07-10 00:00:00-04:00,6.183352027878781,6.292040172177178,6.142996191017802,6.270005702972412,360016000,0.0,0.0
2018-07-11 00:00:00-04:00,6.177164996431688,6.2118262911336375,6.117744959478739,6.128391265869141,367508000,0.0,0.0
2018-07-12 00:00:00-04:00,6.173699066720798,6.2680273749582,6.163795569499956,6.219996452331543,345508000,0.0,0.0
2018-07-13 00:00:00-04:00,6.238564001704697,6.238564001704697,6.130618170682277,6.1727070808410645,246988000,0.0,0.0
2018-07-16 00:00:00-04:00,6.1449785232543945,6.197961187772214,6.132599625522972,6.1449785232543945,197036000,0.0,0.0
2018-07-17 00:00:00-04:00,6.095709090660059,6.296002689185245,6.070208016962946,6.280900001525879,362136000,0.0,0.0
2018-07-18 00:00:00-04:00,6.273473700393546,6.287338216983809,6.180630550605449,6.231632232666016,277640000,0.0,0.0
2018-07-19 00:00:00-04:00,6.2128142369458175,6.273471952351214,6.197712023678657,6.239800453186035,235752000,0.0,0.0
2018-07-20 00:00:00-04:00,6.237327371251637,6.2761976049175345,6.200685093831238,6.211578845977783,222352000,0.0,0.0
2018-07-23 00:00:00-04:00,6.1850867591406775,6.186819823665211,6.023168004509986,6.174935817718506,301584000,0.0,0.0
2018-07-24 00:00:00-04:00,6.222968177368374,6.309621895932903,6.140028034439898,6.157606601715088,354620000,0.0,0.0
2018-07-25 00:00:00-04:00,6.167014053211224,6.248468567978068,6.109079635243587,6.235841751098633,319112000,0.0,0.0
2018-07-26 00:00:00-04:00,6.215787411829768,6.346262622877679,6.198951656997938,6.309372901916504,325124000,0.0,0.0
2018-07-27 00:00:00-04:00,6.346014620042186,6.35294687795857,6.185581488417233,6.239554405212402,295420000,0.0,0.0
2018-07-30 00:00:00-04:00,6.253666141822612,6.259608143977756,6.009302660838038,6.0442118644714355,340340000,0.0,0.0
2018-07-31 00:00:00-04:00,6.0338126357108415,6.1370541413665745,5.994942417554703,6.062284469604492,283988000,0.0,0.0
2018-08-01 00:00:00-04:00,6.093729220859545,6.148939839829609,6.03827068394019,6.102146625518799,283556000,0.0,0.0
2018-08-02 00:00:00-04:00,6.030842447078503,6.208853655434134,5.971918259350224,6.204892635345459,269668000,0.0,0.0
2018-08-03 00:00:00-04:00,6.229402783065785,6.265302241765233,6.212567503776974,6.241534233093262,214288000,0.0,0.0
2018-08-06 00:00:00-04:00,6.228908748795528,6.292784690610182,6.182363452262009,6.289318561553955,207508000,0.0,0.0
2018-08-07 00:00:00-04:00,6.338091276028667,6.380180181670355,6.311352502967718,6.361611366271973,258132000,0.0,0.0
2018-08-08 00:00:00-04:00,6.362849784606023,6.4430661068833075,6.327940580311252,6.398005962371826,262100000,0.0,0.0
2018-08-09 00:00:00-04:00,6.415832923400414,6.418556243131363,6.341806038076488,6.349481105804443,204280000,0.0,0.0
2018-08-10 00:00:00-04:00,6.267531737773424,6.340568368301257,6.256390540837833,6.308135032653809,256396000,0.0,0.0
2018-08-13 00:00:00-04:00,6.316801069356384,6.4618840916466285,6.315068004575565,6.341063976287842,375208000,0.0,0.0
2018-08-14 00:00:00-04:00,6.446533441671169,6.486641846426424,6.3633458665832725,6.472529411315918,466220000,0.0,0.0
2018-08-15 00:00:00-04:00,6.493324360013869,6.527243306103984,6.335615049652145,6.414346218109131,591136000,0.0,0.0
2018-08-16 00:00:00-04:00,6.484166209696364,6.486642083880502,6.313582114539576,6.373744487762451,801260000,0.0,0.0
2018-08-17 00:00:00-04:00,6.262331925799989,6.263074735152323,6.034308815843685,6.061295509338379,1143188000,0.0,0.0
2018-08-20 00:00:00-04:00,6.0206929669832165,6.268769599171233,5.910271249959406,6.13606595993042,854388000,0.0,0.0
2018-08-21 00:00:00-04:00,6.1524064260260305,6.27619729788883,6.1325999054169715,6.271740913391113,673988000,0.0,0.0
2018-08-22 00:00:00-04:00,6.239060072540304,6.511894974022817,6.235593943271688,6.506943225860596,749856000,0.0,0.0
2018-08-23 00:00:00-04:00,6.468320312936721,6.671832625042857,6.454455796135041,6.606471061706543,720684000,0.0,0.0
2018-08-24 00:00:00-04:00,6.614888681226894,6.7542771254693905,6.610432297032093,6.7396697998046875,531512000,0.0,0.0
2018-08-27 00:00:00-04:00,6.769379015157811,6.9050538780462825,6.737936409364187,6.830779552459717,505776000,0.0,0.0
2018-08-28 00:00:00-04:00,6.824838090176259,6.847615847753925,6.673070271577135,6.793147563934326,475384000,0.0,0.0
2018-08-29 00:00:00-04:00,6.78546757979747,6.923693876271423,6.764659431883373,6.898674488067627,420108000,0.00375,0.0
2018-08-30 00:00:00-04:00,6.8674624808213,6.978687806842193,6.844920318325625,6.881830215454102,346608000,0.0,0.0
2018-08-31 00:00:00-04:00,6.861765285914059,6.965806508449001,6.851856373061698,6.952925205230713,306592000,0.0,0.0
2018-09-04 00:00:00-04:00,6.9397952924778,7.065387870673629,6.91130787903396,7.027735233306885,391720000,0.0,0.0
2018-09-05 00:00:00-04:00,7.010148597328872,7.045572068008351,6.815938225127751,6.896941661834717,393156000,0.0,0.0
2018-09-06 00:00:00-04:00,6.8805909613547955,6.8830681894208094,6.722795360661526,6.755741596221924,322796000,0.0,0.0
2018-09-07 00:00:00-04:00,6.663590546375625,6.860030516912524,6.618753807373963,6.734437942504883,295420000,0.0,0.0
2018-09-10 00:00:00-04:00,6.756980584150738,6.83525919719631,6.71313463870323,6.805532932281494,220140000,0.0,0.0
2018-09-11 00:00:00-04:00,6.759210721057981,6.846902624438105,6.738402568896531,6.757724761962891,243112000,0.0,0.0
2018-09-12 00:00:00-04:00,6.717841891296441,6.737411665154448,6.48820806040725,6.643774509429932,419092000,0.0,0.0
2018-09-13 00:00:00-04:00,6.709666158354438,6.812220938503509,6.692326035199151,6.721556663513184,305536000,0.0,0.0
2018-09-14 00:00:00-04:00,6.811973286449542,6.913784849904602,6.775063393625335,6.847644329071045,386936000,0.0,0.0
2018-09-17 00:00:00-04:00,6.8221293547763215,6.871177330631392,6.766392911194903,6.785714626312256,205528000,0.0,0.0
2018-09-18 00:00:00-04:00,6.789679642426318,6.89248201670752,6.706942202852049,6.713630199432373,299520000,0.0,0.0
2018-09-19 00:00:00-04:00,6.695051980627779,6.75524725978903,6.6450131960337275,6.7374114990234375,224860000,0.0,0.0
2018-09-20 00:00:00-04:00,6.615285568198102,6.657645077885988,6.542209000031093,6.5962114334106445,430584000,0.0,0.0
2018-09-21 00:00:00-04:00,6.608101994911189,6.65368194845636,6.492913497107837,6.526107311248779,435128000,0.0,0.0
2018-09-24 00:00:00-04:00,6.495143236394943,6.585312354672228,6.4079469808264085,6.581844329833984,293912000,0.0,0.0
2018-09-25 00:00:00-04:00,6.647985529146409,6.673995718069622,6.562275223761727,6.6489763259887695,280388000,0.0,0.0
2018-09-26 00:00:00-04:00,6.6539311036273086,6.694309029919826,6.596213050549604,6.612066745758057,268548000,0.0,0.0
2018-09-27 00:00:00-04:00,6.647241101865507,6.668544883783922,6.592495924559711,6.623955726623535,214428000,0.0,0.0
2018-09-28 00:00:00-04:00,6.755989943097624,6.983641684198066,6.727997689970946,6.9613471031188965,709396000,0.0,0.0
2018-10-01 00:00:00-04:00,7.039130917717396,7.234827228660904,7.000487006692283,7.167943954467773,622060000,0.0,0.0
2018-10-02 00:00:00-04:00,7.140445996188499,7.252165994977376,7.074305477647983,7.09660005569458,383964000,0.0,0.0
2018-10-03 00:00:00-04:00,7.166952153590877,7.174383837942458,6.9987524750351024,7.1027936935424805,320552000,0.0,0.0
2018-10-04 00:00:00-04:00,7.066626576230579,7.0909027488007785,6.841451609878676,6.918491840362549,391220000,0.0,0.0
2018-10-05 00:00:00-04:00,6.89372069853544,6.955897567236704,6.627424572751077,6.684895038604736,426636000,0.0,0.0
2018-10-08 00:00:00-04:00,6.601661448970969,6.717097533781044,6.442627001674914,6.583578109741211,408612000,0.0,0.0
2018-10-09 00:00:00-04:00,6.563017015678022,6.6576449445975685,6.510005852489921,6.577880382537842,273500000,0.0,0.0
2018-10-10 00:00:00-04:00,6.471857963522835,6.517685975318372,6.083932920071192,6.086162567138672,684940000,0.0,0.0
2018-10-11 00:00:00-04:00,5.998965054345767,6.132484940300041,5.803021200931719,5.824572563171387,725436000,0.0,0.0
2018-10-12 00:00:00-04:00,6.0817041884269445,6.1815341744206895,5.9365418219564585,6.1072187423706055,608236000,0.0,0.0
2018-10-15 00:00:00-04:00,6.093841379397081,6.093841379397081,5.829774927497923,5.830765724182129,449760000,0.0,0.0
2018-10-16 00:00:00-04:00,5.943476985459218,6.100777416473267,5.894181425017347,6.089630126953125,408712000,0.0,0.0
2018-10-17 00:00:00-04:00,6.151806429181048,6.189955169112706,5.9719638544494105,6.021011829376221,329668000,0.0,0.0
2018-10-18 00:00:00-04:00,6.0903732677819304,6.1287691192818965,5.873125151573819,5.933568000793457,524020000,0.0,0.0
2018-10-19 00:00:00-04:00,5.98881034670712,6.008379647494549,5.64051997763684,5.676934242248535,613608000,0.0,0.0
2018-10-22 00:00:00-04:00,5.7292019235637826,5.829279479108993,5.624913127613994,5.727715492248535,368844000,0.0,0.0
2018-10-23 00:00:00-04:00,5.4604294853689685,5.55357147920634,5.368278760893251,5.476036071777344,626436000,0.0,0.0
2018-10-24 00:00:00-04:00,5.437640896066446,5.48421166664725,4.925857109497604,4.9397292137146,884288000,0.0,0.0
2018-10-25 00:00:00-04:00,4.842128273109781,5.19586830599114,4.797786683136655,5.14855432510376,951720000,0.0,0.0
2018-10-26 00:00:00-04:00,4.912479129025823,5.074238413619857,4.783914138564146,4.911983966827393,664784000,0.0,0.0
2018-10-29 00:00:00-04:00,5.053180753302508,5.056648777300864,4.360068280743901,4.5981245040893555,758016000,0.0,0.0
2018-10-30 00:00:00-04:00,4.621163564013239,5.038566825915497,4.598125767202992,5.028657913208008,807192000,0.0,0.0
2018-10-31 00:00:00-04:00,5.193390805586299,5.266219812730043,5.053678045299302,5.222621440887451,745772000,0.0,0.0
2018-11-01 00:00:00-04:00,5.259034890748294,5.412372147931398,5.13245150865027,5.402958869934082,566528000,0.0,0.0
2018-11-02 00:00:00-04:00,5.393545972967023,5.4993212130118385,5.207262465874684,5.32393741607666,452960000,0.0,0.0
2018-11-05 00:00:00-05:00,5.310807068540067,5.334092916007856,5.085136948771973,5.24590539932251,379332000,0.0,0.0
2018-11-06 00:00:00-05:00,5.237979551042583,5.3222034246794765,5.191160738632743,5.228318691253662,299012000,0.0,0.0
2018-11-07 00:00:00-05:00,5.294953417208855,5.38561768996558,5.231290125202608,5.2959442138671875,483812000,0.0,0.0
2018-11-08 00:00:00-05:00,5.236738626315363,5.237481841771347,5.049216814831807,5.102724075317383,511352000,0.0,0.0
2018-11-09 00:00:00-05:00,5.0137951387345705,5.1852152693953855,4.980105685177974,5.094798564910889,413240000,0.0,0.0
2018-11-12 00:00:00-05:00,5.003391982053015,5.025438986672991,4.6734324910245615,4.695231914520264,617116000,0.0,0.0
2018-11-13 00:00:00-05:00,4.793079519302232,5.058631964852557,4.78688621236767,4.93725061416626,644712000,0.0,0.0
2018-11-14 00:00:00-05:00,5.110401795650698,5.124769522330858,4.776727419728127,4.884731769561768,526580000,0.0,0.0
2018-11-15 00:00:00-05:00,4.878789601499221,5.085633684731668,4.842870498350622,5.013547897338867,840708000,0.0,0.0
2018-11-16 00:00:00-05:00,4.0457164829706045,4.227540677216528,4.003356497026468,4.07321310043335,1963520000,0.0,0.0
2018-11-19 00:00:00-05:00,4.00781645427145,4.008559197583778,3.582733636765028,3.584467649459839,1697820000,0.0,0.0
2018-11-20 00:00:00-05:00,3.3208958481062703,3.8212843232360005,3.302317110776272,3.692966938018799,1692032000,0.0,0.0
2018-11-21 00:00:00-05:00,3.830202124755048,3.8470468494102006,3.557465614238944,3.584714412689209,1025496000,0.0,0.0
2018-11-23 00:00:00-05:00,3.5500345625951795,3.7056007610163793,3.537153259438614,3.5918986797332764,411968000,0.0,0.0
2018-11-26 00:00:00-05:00,3.7130326441297896,3.801715339549664,3.6305427833025696,3.791311264038086,814832000,0.0,0.0
2018-11-27 00:00:00-05:00,3.7653003893153048,3.8894067736078957,3.7293815277331235,3.8081555366516113,738060000,0.0,0.0
2018-11-28 00:00:00-05:00,3.925821640178416,3.970410806782931,3.7932929908166697,3.9652087688446045,804524000,0.0,0.0
2018-11-29 00:00:00-05:00,3.967440531109806,4.004635191497807,3.871726107753351,3.901977777481079,549172000,0.004,0.0
2018-11-30 00:00:00-05:00,3.9116487439545735,4.063155411409378,3.8613118195288116,4.052493095397949,729564000,0.0,0.0
2018-12-03 00:00:00-05:00,4.279875977577056,4.3314527432317345,4.149446144789172,4.216396808624268,890804000,0.0,0.0
2018-12-04 00:00:00-05:00,4.171762708344815,4.176722121492676,3.8806518725358448,3.895777940750122,812112000,0.0,0.0
2018-12-06 00:00:00-05:00,3.7551824265707046,3.929997753756291,3.739560697790461,3.9250385761260986,692308000,0.0,0.0
2018-12-07 00:00:00-05:00,3.9292533620284655,3.9394200179446996,3.6108664367261767,3.6602113246917725,681676000,0.0,0.0
2018-12-10 00:00:00-05:00,3.6153303024428864,3.7903937038791384,3.611610741671585,3.765597105026245,629472000,0.0,0.0
2018-12-11 00:00:00-05:00,3.85734328492718,3.8655261276226778,3.5954923186712424,3.674593210220337,671912000,0.0,0.0
2018-12-12 00:00:00-05:00,3.680295400102719,3.788408074694197,3.59102811268682,3.692197799682617,654136000,0.0,0.0
2018-12-13 00:00:00-05:00,3.7390640380845523,3.8032869241757226,3.655995760605997,3.691950559616089,471384000,0.0,0.0
2018-12-14 00:00:00-05:00,3.650292230894649,3.734104464019628,3.6078903385787537,3.6314470767974854,471820000,0.0,0.0
2018-12-17 00:00:00-05:00,3.6014437970193094,3.6736014682603484,3.502257652505241,3.56028151512146,662868000,0.0,0.0
2018-12-18 00:00:00-05:00,3.604171542961444,3.727658159383367,3.5768954757792177,3.6435980796813965,564372000,0.0,0.0
2018-12-19 00:00:00-05:00,3.6098746099821173,3.6634351915936723,3.382986629578919,3.434563398361206,745364000,0.0,0.0
2018-12-20 00:00:00-05:00,3.4261323485195234,3.5161436186908204,3.29024745134605,3.3500070571899414,749588000,0.0,0.0
2018-12-21 00:00:00-05:00,3.376539384427769,3.4095188228315685,3.185358388045778,3.2128825187683105,863740000,0.0,0.0
2018-12-24 00:00:00-05:00,3.1365086086479064,3.223048368162787,3.0871634960277294,3.1511385440826416,463840000,0.0,0.0
2018-12-26 00:00:00-05:00,3.1972612527527926,3.3014065889189075,3.0861729257059887,3.300414800643921,695100000,0.0,0.0
2018-12-27 00:00:00-05:00,3.2480935178818586,3.2825606376258523,3.104025772041012,3.252556800842285,637044000,0.0,0.0
2018-12-28 00:00:00-05:00,3.2731383611407705,3.4067916395707325,3.2312323522599384,3.3140525817871094,628728000,0.0,0.0
